-- phpMyAdmin SQL Dump
-- version 5.2.0
-- https://www.phpmyadmin.net/
--
-- Hôte : 127.0.0.1:3306
-- Généré le : sam. 01 juin 2024 à 12:49
-- Version du serveur : 8.0.31
-- Version de PHP : 8.0.26

SET SQL_MODE = "NO_AUTO_VALUE_ON_ZERO";
START TRANSACTION;
SET time_zone = "+00:00";


/*!40101 SET @OLD_CHARACTER_SET_CLIENT=@@CHARACTER_SET_CLIENT */;
/*!40101 SET @OLD_CHARACTER_SET_RESULTS=@@CHARACTER_SET_RESULTS */;
/*!40101 SET @OLD_COLLATION_CONNECTION=@@COLLATION_CONNECTION */;
/*!40101 SET NAMES utf8mb4 */;

--
-- Base de données : `projet-piscine`
--

-- --------------------------------------------------------

--
-- Structure de la table `coachs`
--

DROP TABLE IF EXISTS `coachs`;
CREATE TABLE IF NOT EXISTS `coachs` (
  `id_coach` int NOT NULL AUTO_INCREMENT,
  `id_utilisateur` int DEFAULT NULL,
  `specialite` varchar(100) DEFAULT NULL,
  `photo_url` varchar(255) DEFAULT NULL,
  `video_url` varchar(255) DEFAULT NULL,
  `cv` text,
  PRIMARY KEY (`id_coach`),
  KEY `id_utilisateur` (`id_utilisateur`)
) ENGINE=MyISAM AUTO_INCREMENT=12 DEFAULT CHARSET=utf8mb4 COLLATE=utf8mb4_0900_ai_ci;

--
-- Déchargement des données de la table `coachs`
--

INSERT INTO `coachs` (`id_coach`, `id_utilisateur`, `specialite`, `photo_url`, `video_url`, `cv`) VALUES
(1, 1, 'Fitness', 'coach1.jpg', 'https://youtu.be/EKR3kZg6wck?si=LLk9X3yrei0id2VM', '<Coach>\r\n    <ID>1</ID>\r\n    <Nom>Fit</Nom>\r\n    <Prenom>Guy</Prenom>\r\n    <Specialite>Fitness</Specialite>\r\n    <Photo>coach1.jpg</Photo>\r\n    <Video>https://youtu.be/EKR3kZg6wck?si=LLk9X3yrei0id2VM</Video>\r\n    <Telephone>07 46 91 73 22</Telephone>\r\n    <Email>guy.fit@edu.ece.fr</Email>\r\n    <CV>Formation: Licence STAPS. Expériences: Coach personnel depuis 5 ans. Autres: Spécialisé en nutrition sportive.</CV>\r\n</Coach>'),
(2, 2, 'Cardio-Training', 'coach2.jpeg', 'https://youtu.be/cJhMDf1UzD8?si=vNgclgB0CdG7pfzw', '<Coach>\r\n    <ID>2</ID>\r\n    <Nom>Detente</Nom>\r\n    <Prenom>Maxine</Prenom>\r\n    <Specialite>Cardio-Training</Specialite>\r\n    <Photo>coach2.jpeg</Photo>\r\n    <Video>https://youtu.be/cJhMDf1UzD8?si=vNgclgB0CdG7pfzw</Video>\r\n    <Telephone>07 46 91 73 23</Telephone>\r\n    <Email>maxine.detente@edu.ece.fr</Email>\r\n    <CV>Formation: Diplôme de professeur de yoga sportif. Expériences: Enseigne le Cardio-Training depuis 8 ans. Autres: Expert en méditation et relaxation.</CV>\r\n</Coach>'),
(3, 3, 'Biking', 'coach3.jpg', 'None', '<Coach>\r\n    <ID>3</ID>\r\n    <Nom>Saroule</Nom>\r\n    <Prenom>Sylvain</Prenom>\r\n    <Specialite>Biking</Specialite>\r\n    <Photo>coach3.jpg</Photo>\r\n    <Video>None</Video>\r\n    <Telephone>07 46 91 73 24</Telephone>\r\n    <Email>sylvain.saroule@edu.ece.fr</Email>\r\n    <CV>Formation: Champion national de vélo d\'interieur. Expériences: Entraîneur de Biking depuis 10 ans. Autres: Spécialisé en préparation physique.</CV>\r\n</Coach>'),
(4, 4, 'Cours Collectifs', 'coach4.jpg', 'None', '<Coach>\r\n    <ID>4</ID>\r\n    <Nom>Baha</Nom>\r\n    <Prenom>Angela</Prenom>\r\n    <Specialite>Cours Collectifs</Specialite>\r\n    <Photo>coach4.jpg</Photo>\r\n    <Video>None</Video>\r\n    <Telephone>07 46 91 73 25</Telephone>\r\n    <Email>angela.baha@edu.ece.fr</Email>\r\n    <CV>Formation: Instructrice certifiée Pilates. Expériences: Enseigne le Pilates depuis 7 ans. Autres: Spécialisée en rééducation posturale.</CV>\r\n</Coach>'),
(5, 5, 'Musculation', 'coach5.jpeg', 'https://youtu.be/45l6bl8Uyr4?si=bqgYPtALl3NsEV3h', '<Coach>\r\n    <ID>5</ID>\r\n    <Nom>Matrixé</Nom>\r\n    <Prenom>Ilies</Prenom>\r\n    <Specialite>Musculation</Specialite>\r\n    <Photo>coach5.jpeg</Photo>\r\n    <Video>https://youtu.be/45l6bl8Uyr4?si=bqgYPtALl3NsEV3h</Video>\r\n    <Telephone>07 46 91 73 26</Telephone>\r\n    <Email>ilies.matrixe@edu.ece.fr</Email>\r\n    <CV>Formation: Diplôme en sciences du sport. Expériences: Entraîneur personnel depuis 12 ans. Autres: Spécialisé en hypertrophie musculaire.</CV>\r\n</Coach>'),
(6, 6, 'Basketball', 'coach6.jpeg', 'https://youtu.be/3bxihqPKF08?si=7gbvOv2naC0KVgOA', '<Coach>\r\n    <ID>6</ID>\r\n    <Nom>Possible</Nom>\r\n    <Prenom>Kim</Prenom>\r\n    <Specialite>Basketball</Specialite>\r\n    <Photo>coach6.jpeg</Photo>\r\n    <Video>https://youtu.be/3bxihqPKF08?si=7gbvOv2naC0KVgOA</Video>\r\n    <Telephone>07 46 91 73 27</Telephone>\r\n    <Email>kim.possible@edu.ece.fr</Email>\r\n    <CV>Formation: Diplôme en éducation physique. Expériences: Entraîneur de basketball depuis 10 ans. Autres: Spécialisée en stratégie de jeu.</CV>\r\n</Coach>'),
(7, 7, 'Football', 'coach7.jpeg', 'None', '<Coach>\r\n    <ID>7</ID>\r\n    <Nom>Legrand</Nom>\r\n    <Prenom>Zizou</Prenom>\r\n    <Specialite>Football</Specialite>\r\n    <Photo>coach7.jpeg</Photo>\r\n    <Video>None</Video>\r\n    <Telephone>07 46 91 73 28</Telephone>\r\n    <Email>zizou.legrand@edu.ece.fr</Email>\r\n    <CV>Formation: Licence en sciences du sport. Expériences: Entraîneur de football depuis 8 ans. Autres: Spécialisé en technique de jeu et fitness.</CV>\r\n</Coach>'),
(8, 8, 'Rugby', 'coach8.jpg', 'None', '<Coach>\r\n    <ID>8</ID>\r\n    <Nom>Unfrigo</Nom>\r\n    <Prenom>Come</Prenom>\r\n    <Specialite>Rugby</Specialite>\r\n    <Photo>coach8.jpg</Photo>\r\n    <Video>None</Video>\r\n    <Telephone>07 46 91 73 29</Telephone>\r\n    <Email>come.unfrigo@edu.ece.fr</Email>\r\n    <CV>Formation: Champion national de rugby. Expériences: Entraîneur de rugby depuis 12 ans. Autres: Spécialisé en préparation physique.</CV>\r\n</Coach>'),
(9, 9, 'Tennis', 'coach9.jpeg', 'None', '<Coach>\r\n    <ID>9</ID>\r\n    <Nom>Iguess</Nom>\r\n    <Prenom>Nina</Prenom>\r\n    <Specialite>Tennis</Specialite>\r\n    <Photo>coach9.jpeg</Photo>\r\n    <Video>None</Video>\r\n    <Telephone>07 46 91 73 30</Telephone>\r\n    <Email>nina.iguess@edu.ece.fr</Email>\r\n    <CV>Formation: Diplômée en tennis de compétition. Expériences: Entraîneur de tennis depuis 7 ans. Autres: Spécialisée en technique de jeu et stratégie.</CV>\r\n</Coach>'),
(10, 10, 'Natation', 'coach10.jpeg', 'None', '<Coach>\r\n    <ID>10</ID>\r\n    <Nom>Laptitesirene</Nom>\r\n    <Prenom>Ariel</Prenom>\r\n    <Specialite>Natation</Specialite>\r\n    <Photo>coach10.jpeg</Photo>\r\n    <Video>None</Video>\r\n    <Telephone>07 46 91 73 31</Telephone>\r\n    <Email>ariel.laptitesirene@edu.ece.fr</Email>\r\n    <CV>Formation: Diplômée en natation sportive. Expériences: Entraîneur de natation depuis 5 ans. Autres: Spécialisée en endurance et technique de nage.</CV>\r\n</Coach>'),
(11, 11, 'Plongeon', 'coach11.jpeg', 'None', '<Coach>\r\n    <ID>11</ID>\r\n    <Nom>Latetenba</Nom>\r\n    <Prenom>Nicolas</Prenom>\r\n    <Specialite>Plongeon</Specialite>\r\n    <Photo>coach11.jpeg</Photo>\r\n    <Video>None</Video>\r\n    <Telephone>07 46 91 73 32</Telephone>\r\n    <Email>nicolas.latetenba@edu.ece.fr</Email>\r\n    <CV>Formation: Champion national de plongeon. Expériences: Entraîneur de plongeon depuis 6 ans. Autres: Spécialisé en technique et acrobatie.</CV>\r\n</Coach>');

-- --------------------------------------------------------

--
-- Structure de la table `coachs_services`
--

DROP TABLE IF EXISTS `coachs_services`;
CREATE TABLE IF NOT EXISTS `coachs_services` (
  `id_coach_service` int NOT NULL AUTO_INCREMENT,
  `id_coach` int DEFAULT NULL,
  `id_service` int DEFAULT NULL,
  PRIMARY KEY (`id_coach_service`),
  KEY `id_coach` (`id_coach`),
  KEY `id_service` (`id_service`)
) ENGINE=MyISAM DEFAULT CHARSET=utf8mb4 COLLATE=utf8mb4_0900_ai_ci;

-- --------------------------------------------------------

--
-- Structure de la table `creneaux`
--

DROP TABLE IF EXISTS `creneaux`;
CREATE TABLE IF NOT EXISTS `creneaux` (
  `id_creneau` int NOT NULL AUTO_INCREMENT,
  `jour_semaine` enum('Lundi','Mardi','Mercredi','Jeudi','Vendredi','Samedi') DEFAULT NULL,
  `heure_debut` time DEFAULT NULL,
  `heure_fin` time DEFAULT NULL,
  PRIMARY KEY (`id_creneau`)
) ENGINE=MyISAM AUTO_INCREMENT=145 DEFAULT CHARSET=utf8mb4 COLLATE=utf8mb4_0900_ai_ci;

--
-- Déchargement des données de la table `creneaux`
--

INSERT INTO `creneaux` (`id_creneau`, `jour_semaine`, `heure_debut`, `heure_fin`) VALUES
(1, 'Lundi', '08:00:00', '08:30:00'),
(2, 'Lundi', '08:30:00', '09:00:00'),
(3, 'Lundi', '09:00:00', '09:30:00'),
(4, 'Lundi', '09:30:00', '10:00:00'),
(5, 'Lundi', '10:00:00', '10:30:00'),
(6, 'Lundi', '10:30:00', '11:00:00'),
(7, 'Lundi', '11:00:00', '11:30:00'),
(8, 'Lundi', '11:30:00', '12:00:00'),
(9, 'Lundi', '12:00:00', '12:30:00'),
(10, 'Lundi', '12:30:00', '13:00:00'),
(11, 'Lundi', '13:00:00', '13:30:00'),
(12, 'Lundi', '13:30:00', '14:00:00'),
(13, 'Lundi', '14:00:00', '14:30:00'),
(14, 'Lundi', '14:30:00', '15:00:00'),
(15, 'Lundi', '15:00:00', '15:30:00'),
(16, 'Lundi', '15:30:00', '16:00:00'),
(17, 'Lundi', '16:00:00', '16:30:00'),
(18, 'Lundi', '16:30:00', '17:00:00'),
(19, 'Lundi', '17:00:00', '17:30:00'),
(20, 'Lundi', '17:30:00', '18:00:00'),
(21, 'Lundi', '18:00:00', '18:30:00'),
(22, 'Lundi', '18:30:00', '19:00:00'),
(23, 'Lundi', '19:00:00', '19:30:00'),
(24, 'Lundi', '19:30:00', '20:00:00'),
(25, 'Mardi', '08:00:00', '08:30:00'),
(26, 'Mardi', '08:30:00', '09:00:00'),
(27, 'Mardi', '09:00:00', '09:30:00'),
(28, 'Mardi', '09:30:00', '10:00:00'),
(29, 'Mardi', '10:00:00', '10:30:00'),
(30, 'Mardi', '10:30:00', '11:00:00'),
(31, 'Mardi', '11:00:00', '11:30:00'),
(32, 'Mardi', '11:30:00', '12:00:00'),
(33, 'Mardi', '12:00:00', '12:30:00'),
(34, 'Mardi', '12:30:00', '13:00:00'),
(35, 'Mardi', '13:00:00', '13:30:00'),
(36, 'Mardi', '13:30:00', '14:00:00'),
(37, 'Mardi', '14:00:00', '14:30:00'),
(38, 'Mardi', '14:30:00', '15:00:00'),
(39, 'Mardi', '15:00:00', '15:30:00'),
(40, 'Mardi', '15:30:00', '16:00:00'),
(41, 'Mardi', '16:00:00', '16:30:00'),
(42, 'Mardi', '16:30:00', '17:00:00'),
(43, 'Mardi', '17:00:00', '17:30:00'),
(44, 'Mardi', '17:30:00', '18:00:00'),
(45, 'Mardi', '18:00:00', '18:30:00'),
(46, 'Mardi', '18:30:00', '19:00:00'),
(47, 'Mardi', '19:00:00', '19:30:00'),
(48, 'Mardi', '19:30:00', '20:00:00'),
(49, 'Mercredi', '08:00:00', '08:30:00'),
(50, 'Mercredi', '08:30:00', '09:00:00'),
(51, 'Mercredi', '09:00:00', '09:30:00'),
(52, 'Mercredi', '09:30:00', '10:00:00'),
(53, 'Mercredi', '10:00:00', '10:30:00'),
(54, 'Mercredi', '10:30:00', '11:00:00'),
(55, 'Mercredi', '11:00:00', '11:30:00'),
(56, 'Mercredi', '11:30:00', '12:00:00'),
(57, 'Mercredi', '12:00:00', '12:30:00'),
(58, 'Mercredi', '12:30:00', '13:00:00'),
(59, 'Mercredi', '13:00:00', '13:30:00'),
(60, 'Mercredi', '13:30:00', '14:00:00'),
(61, 'Mercredi', '14:00:00', '14:30:00'),
(62, 'Mercredi', '14:30:00', '15:00:00'),
(63, 'Mercredi', '15:00:00', '15:30:00'),
(64, 'Mercredi', '15:30:00', '16:00:00'),
(65, 'Mercredi', '16:00:00', '16:30:00'),
(66, 'Mercredi', '16:30:00', '17:00:00'),
(67, 'Mercredi', '17:00:00', '17:30:00'),
(68, 'Mercredi', '17:30:00', '18:00:00'),
(69, 'Mercredi', '18:00:00', '18:30:00'),
(70, 'Mercredi', '18:30:00', '19:00:00'),
(71, 'Mercredi', '19:00:00', '19:30:00'),
(72, 'Mercredi', '19:30:00', '20:00:00'),
(73, 'Jeudi', '08:00:00', '08:30:00'),
(74, 'Jeudi', '08:30:00', '09:00:00'),
(75, 'Jeudi', '09:00:00', '09:30:00'),
(76, 'Jeudi', '09:30:00', '10:00:00'),
(77, 'Jeudi', '10:00:00', '10:30:00'),
(78, 'Jeudi', '10:30:00', '11:00:00'),
(79, 'Jeudi', '11:00:00', '11:30:00'),
(80, 'Jeudi', '11:30:00', '12:00:00'),
(81, 'Jeudi', '12:00:00', '12:30:00'),
(82, 'Jeudi', '12:30:00', '13:00:00'),
(83, 'Jeudi', '13:00:00', '13:30:00'),
(84, 'Jeudi', '13:30:00', '14:00:00'),
(85, 'Jeudi', '14:00:00', '14:30:00'),
(86, 'Jeudi', '14:30:00', '15:00:00'),
(87, 'Jeudi', '15:00:00', '15:30:00'),
(88, 'Jeudi', '15:30:00', '16:00:00'),
(89, 'Jeudi', '16:00:00', '16:30:00'),
(90, 'Jeudi', '16:30:00', '17:00:00'),
(91, 'Jeudi', '17:00:00', '17:30:00'),
(92, 'Jeudi', '17:30:00', '18:00:00'),
(93, 'Jeudi', '18:00:00', '18:30:00'),
(94, 'Jeudi', '18:30:00', '19:00:00'),
(95, 'Jeudi', '19:00:00', '19:30:00'),
(96, 'Jeudi', '19:30:00', '20:00:00'),
(97, 'Vendredi', '08:00:00', '08:30:00'),
(98, 'Vendredi', '08:30:00', '09:00:00'),
(99, 'Vendredi', '09:00:00', '09:30:00'),
(100, 'Vendredi', '09:30:00', '10:00:00'),
(101, 'Vendredi', '10:00:00', '10:30:00'),
(102, 'Vendredi', '10:30:00', '11:00:00'),
(103, 'Vendredi', '11:00:00', '11:30:00'),
(104, 'Vendredi', '11:30:00', '12:00:00'),
(105, 'Vendredi', '12:00:00', '12:30:00'),
(106, 'Vendredi', '12:30:00', '13:00:00'),
(107, 'Vendredi', '13:00:00', '13:30:00'),
(108, 'Vendredi', '13:30:00', '14:00:00'),
(109, 'Vendredi', '14:00:00', '14:30:00'),
(110, 'Vendredi', '14:30:00', '15:00:00'),
(111, 'Vendredi', '15:00:00', '15:30:00'),
(112, 'Vendredi', '15:30:00', '16:00:00'),
(113, 'Vendredi', '16:00:00', '16:30:00'),
(114, 'Vendredi', '16:30:00', '17:00:00'),
(115, 'Vendredi', '17:00:00', '17:30:00'),
(116, 'Vendredi', '17:30:00', '18:00:00'),
(117, 'Vendredi', '18:00:00', '18:30:00'),
(118, 'Vendredi', '18:30:00', '19:00:00'),
(119, 'Vendredi', '19:00:00', '19:30:00'),
(120, 'Vendredi', '19:30:00', '20:00:00'),
(121, 'Samedi', '08:00:00', '08:30:00'),
(122, 'Samedi', '08:30:00', '09:00:00'),
(123, 'Samedi', '09:00:00', '09:30:00'),
(124, 'Samedi', '09:30:00', '10:00:00'),
(125, 'Samedi', '10:00:00', '10:30:00'),
(126, 'Samedi', '10:30:00', '11:00:00'),
(127, 'Samedi', '11:00:00', '11:30:00'),
(128, 'Samedi', '11:30:00', '12:00:00'),
(129, 'Samedi', '12:00:00', '12:30:00'),
(130, 'Samedi', '12:30:00', '13:00:00'),
(131, 'Samedi', '13:00:00', '13:30:00'),
(132, 'Samedi', '13:30:00', '14:00:00'),
(133, 'Samedi', '14:00:00', '14:30:00'),
(134, 'Samedi', '14:30:00', '15:00:00'),
(135, 'Samedi', '15:00:00', '15:30:00'),
(136, 'Samedi', '15:30:00', '16:00:00'),
(137, 'Samedi', '16:00:00', '16:30:00'),
(138, 'Samedi', '16:30:00', '17:00:00'),
(139, 'Samedi', '17:00:00', '17:30:00'),
(140, 'Samedi', '17:30:00', '18:00:00'),
(141, 'Samedi', '18:00:00', '18:30:00'),
(142, 'Samedi', '18:30:00', '19:00:00'),
(143, 'Samedi', '19:00:00', '19:30:00'),
(144, 'Samedi', '19:30:00', '20:00:00');

-- --------------------------------------------------------

--
-- Structure de la table `disponibilites_coachs`
--

DROP TABLE IF EXISTS `disponibilites_coachs`;
CREATE TABLE IF NOT EXISTS `disponibilites_coachs` (
  `id_disponibilite` int NOT NULL AUTO_INCREMENT,
  `id_coach` int DEFAULT NULL,
  `id_creneau` int DEFAULT NULL,
  `disponible` tinyint(1) DEFAULT '1',
  PRIMARY KEY (`id_disponibilite`),
  KEY `id_coach` (`id_coach`),
  KEY `id_creneau` (`id_creneau`)
) ENGINE=MyISAM AUTO_INCREMENT=1585 DEFAULT CHARSET=utf8mb4 COLLATE=utf8mb4_0900_ai_ci;

--
-- Déchargement des données de la table `disponibilites_coachs`
--

INSERT INTO `disponibilites_coachs` (`id_disponibilite`, `id_coach`, `id_creneau`, `disponible`) VALUES
(1, 1, 1, 1),
(2, 1, 2, 1),
(3, 1, 3, 1),
(4, 1, 4, 1),
(5, 1, 5, 1),
(6, 1, 6, 1),
(7, 1, 7, 1),
(8, 1, 8, 1),
(9, 1, 9, 1),
(10, 1, 10, 1),
(11, 1, 11, 1),
(12, 1, 12, 1),
(13, 1, 13, 1),
(14, 1, 14, 1),
(15, 1, 15, 1),
(16, 1, 16, 1),
(17, 1, 17, 1),
(18, 1, 18, 1),
(19, 1, 19, 1),
(20, 1, 20, 1),
(21, 1, 21, 1),
(22, 1, 22, 1),
(23, 1, 23, 1),
(24, 1, 24, 1),
(25, 1, 25, 1),
(26, 1, 26, 1),
(27, 1, 27, 1),
(28, 1, 28, 1),
(29, 1, 29, 1),
(30, 1, 30, 1),
(31, 1, 31, 1),
(32, 1, 32, 1),
(33, 1, 33, 1),
(34, 1, 34, 1),
(35, 1, 35, 1),
(36, 1, 36, 0),
(37, 1, 37, 0),
(38, 1, 38, 0),
(39, 1, 39, 0),
(40, 1, 40, 0),
(41, 1, 41, 0),
(42, 1, 42, 0),
(43, 1, 43, 0),
(44, 1, 44, 0),
(45, 1, 45, 0),
(46, 1, 46, 0),
(47, 1, 47, 0),
(48, 1, 48, 0),
(49, 1, 49, 0),
(50, 1, 50, 0),
(51, 1, 51, 0),
(52, 1, 52, 0),
(53, 1, 53, 0),
(54, 1, 54, 1),
(55, 1, 55, 1),
(56, 1, 56, 1),
(57, 1, 57, 1),
(58, 1, 58, 1),
(59, 1, 59, 1),
(60, 1, 60, 1),
(61, 1, 61, 1),
(62, 1, 62, 1),
(63, 1, 63, 1),
(64, 1, 64, 1),
(65, 1, 65, 1),
(66, 1, 66, 1),
(67, 1, 67, 1),
(68, 1, 68, 1),
(69, 1, 69, 1),
(70, 1, 70, 1),
(71, 1, 71, 1),
(72, 1, 72, 1),
(73, 1, 73, 1),
(74, 1, 74, 1),
(75, 1, 75, 1),
(76, 1, 76, 1),
(77, 1, 77, 1),
(78, 1, 78, 1),
(79, 1, 79, 1),
(80, 1, 80, 1),
(81, 1, 81, 1),
(82, 1, 82, 1),
(83, 1, 83, 1),
(84, 1, 84, 1),
(85, 1, 85, 1),
(86, 1, 86, 1),
(87, 1, 87, 1),
(88, 1, 88, 1),
(89, 1, 89, 1),
(90, 1, 90, 1),
(91, 1, 91, 1),
(92, 1, 92, 1),
(93, 1, 93, 1),
(94, 1, 94, 1),
(95, 1, 95, 1),
(96, 1, 96, 1),
(97, 1, 97, 1),
(98, 1, 98, 1),
(99, 1, 99, 1),
(100, 1, 100, 1),
(101, 1, 101, 1),
(102, 1, 102, 1),
(103, 1, 103, 1),
(104, 1, 104, 1),
(105, 1, 105, 1),
(106, 1, 106, 1),
(107, 1, 107, 1),
(108, 1, 108, 0),
(109, 1, 109, 0),
(110, 1, 110, 0),
(111, 1, 111, 0),
(112, 1, 112, 0),
(113, 1, 113, 0),
(114, 1, 114, 0),
(115, 1, 115, 0),
(116, 1, 116, 0),
(117, 1, 117, 0),
(118, 1, 118, 0),
(119, 1, 119, 0),
(120, 1, 120, 0),
(121, 1, 121, 0),
(122, 1, 122, 0),
(123, 1, 123, 0),
(124, 1, 124, 0),
(125, 1, 125, 0),
(126, 1, 126, 1),
(127, 1, 127, 1),
(128, 1, 128, 1),
(129, 1, 129, 1),
(130, 1, 130, 1),
(131, 1, 131, 1),
(132, 1, 132, 1),
(133, 1, 133, 1),
(134, 1, 134, 1),
(135, 1, 135, 1),
(136, 1, 136, 1),
(137, 1, 137, 1),
(138, 1, 138, 1),
(139, 1, 139, 1),
(140, 1, 140, 1),
(141, 1, 141, 1),
(142, 1, 142, 1),
(143, 1, 143, 1),
(144, 1, 144, 1),
(145, 2, 1, 1),
(146, 2, 2, 1),
(147, 2, 3, 1),
(148, 2, 4, 1),
(149, 2, 5, 1),
(150, 2, 6, 1),
(151, 2, 7, 1),
(152, 2, 8, 1),
(153, 2, 9, 1),
(154, 2, 10, 1),
(155, 2, 11, 1),
(156, 2, 12, 1),
(157, 2, 13, 1),
(158, 2, 14, 1),
(159, 2, 15, 1),
(160, 2, 16, 1),
(161, 2, 17, 1),
(162, 2, 18, 1),
(163, 2, 19, 1),
(164, 2, 20, 1),
(165, 2, 21, 1),
(166, 2, 22, 1),
(167, 2, 23, 1),
(168, 2, 24, 1),
(169, 2, 25, 1),
(170, 2, 26, 1),
(171, 2, 27, 1),
(172, 2, 28, 1),
(173, 2, 29, 1),
(174, 2, 30, 1),
(175, 2, 31, 1),
(176, 2, 32, 1),
(177, 2, 33, 1),
(178, 2, 34, 1),
(179, 2, 35, 1),
(180, 2, 36, 1),
(181, 2, 37, 1),
(182, 2, 38, 1),
(183, 2, 39, 1),
(184, 2, 40, 1),
(185, 2, 41, 1),
(186, 2, 42, 1),
(187, 2, 43, 1),
(188, 2, 44, 1),
(189, 2, 45, 1),
(190, 2, 46, 1),
(191, 2, 47, 1),
(192, 2, 48, 1),
(193, 2, 49, 1),
(194, 2, 50, 1),
(195, 2, 51, 1),
(196, 2, 52, 1),
(197, 2, 53, 1),
(198, 2, 54, 1),
(199, 2, 55, 1),
(200, 2, 56, 1),
(201, 2, 57, 1),
(202, 2, 58, 1),
(203, 2, 59, 1),
(204, 2, 60, 1),
(205, 2, 61, 1),
(206, 2, 62, 1),
(207, 2, 63, 1),
(208, 2, 64, 1),
(209, 2, 65, 1),
(210, 2, 66, 1),
(211, 2, 67, 1),
(212, 2, 68, 1),
(213, 2, 69, 1),
(214, 2, 70, 1),
(215, 2, 71, 1),
(216, 2, 72, 0),
(217, 2, 73, 0),
(218, 2, 74, 0),
(219, 2, 75, 0),
(220, 2, 76, 0),
(221, 2, 77, 0),
(222, 2, 78, 0),
(223, 2, 79, 0),
(224, 2, 80, 0),
(225, 2, 81, 0),
(226, 2, 82, 0),
(227, 2, 83, 0),
(228, 2, 84, 0),
(229, 2, 85, 0),
(230, 2, 86, 0),
(231, 2, 87, 0),
(232, 2, 88, 0),
(233, 2, 89, 0),
(234, 2, 90, 1),
(235, 2, 91, 1),
(236, 2, 92, 1),
(237, 2, 93, 1),
(238, 2, 94, 1),
(239, 2, 95, 1),
(240, 2, 96, 1),
(241, 2, 97, 1),
(242, 2, 98, 1),
(243, 2, 99, 1),
(244, 2, 100, 1),
(245, 2, 101, 1),
(246, 2, 102, 1),
(247, 2, 103, 1),
(248, 2, 104, 1),
(249, 2, 105, 1),
(250, 2, 106, 1),
(251, 2, 107, 1),
(252, 2, 108, 0),
(253, 2, 109, 0),
(254, 2, 110, 0),
(255, 2, 111, 0),
(256, 2, 112, 0),
(257, 2, 113, 0),
(258, 2, 114, 0),
(259, 2, 115, 0),
(260, 2, 116, 0),
(261, 2, 117, 0),
(262, 2, 118, 0),
(263, 2, 119, 0),
(264, 2, 120, 0),
(265, 2, 121, 0),
(266, 2, 122, 0),
(267, 2, 123, 0),
(268, 2, 124, 0),
(269, 2, 125, 0),
(270, 2, 126, 1),
(271, 2, 127, 1),
(272, 2, 128, 1),
(273, 2, 129, 1),
(274, 2, 130, 1),
(275, 2, 131, 1),
(276, 2, 132, 1),
(277, 2, 133, 1),
(278, 2, 134, 1),
(279, 2, 135, 1),
(280, 2, 136, 1),
(281, 2, 137, 1),
(282, 2, 138, 1),
(283, 2, 139, 1),
(284, 2, 140, 1),
(285, 2, 141, 1),
(286, 2, 142, 1),
(287, 2, 143, 1),
(288, 2, 144, 1),
(289, 3, 1, 1),
(290, 3, 2, 1),
(291, 3, 3, 1),
(292, 3, 4, 1),
(293, 3, 5, 1),
(294, 3, 6, 1),
(295, 3, 7, 1),
(296, 3, 8, 1),
(297, 3, 9, 1),
(298, 3, 10, 1),
(299, 3, 11, 1),
(300, 3, 12, 1),
(301, 3, 13, 1),
(302, 3, 14, 1),
(303, 3, 15, 1),
(304, 3, 16, 1),
(305, 3, 17, 1),
(306, 3, 18, 1),
(307, 3, 19, 1),
(308, 3, 20, 1),
(309, 3, 21, 1),
(310, 3, 22, 1),
(311, 3, 23, 1),
(312, 3, 24, 1),
(313, 3, 25, 1),
(314, 3, 26, 1),
(315, 3, 27, 1),
(316, 3, 28, 1),
(317, 3, 29, 1),
(318, 3, 30, 1),
(319, 3, 31, 1),
(320, 3, 32, 1),
(321, 3, 33, 1),
(322, 3, 34, 1),
(323, 3, 35, 1),
(324, 3, 36, 0),
(325, 3, 37, 0),
(326, 3, 38, 0),
(327, 3, 39, 0),
(328, 3, 40, 0),
(329, 3, 41, 0),
(330, 3, 42, 0),
(331, 3, 43, 0),
(332, 3, 44, 0),
(333, 3, 45, 0),
(334, 3, 46, 0),
(335, 3, 47, 0),
(336, 3, 48, 0),
(337, 3, 49, 0),
(338, 3, 50, 0),
(339, 3, 51, 0),
(340, 3, 52, 0),
(341, 3, 53, 0),
(342, 3, 54, 1),
(343, 3, 55, 1),
(344, 3, 56, 1),
(345, 3, 57, 1),
(346, 3, 58, 1),
(347, 3, 59, 1),
(348, 3, 60, 1),
(349, 3, 61, 1),
(350, 3, 62, 1),
(351, 3, 63, 1),
(352, 3, 64, 1),
(353, 3, 65, 1),
(354, 3, 66, 1),
(355, 3, 67, 1),
(356, 3, 68, 1),
(357, 3, 69, 1),
(358, 3, 70, 1),
(359, 3, 71, 1),
(360, 3, 72, 1),
(361, 3, 73, 1),
(362, 3, 74, 1),
(363, 3, 75, 1),
(364, 3, 76, 1),
(365, 3, 77, 1),
(366, 3, 78, 1),
(367, 3, 79, 1),
(368, 3, 80, 1),
(369, 3, 81, 1),
(370, 3, 82, 1),
(371, 3, 83, 1),
(372, 3, 84, 1),
(373, 3, 85, 1),
(374, 3, 86, 1),
(375, 3, 87, 1),
(376, 3, 88, 1),
(377, 3, 89, 1),
(378, 3, 90, 1),
(379, 3, 91, 1),
(380, 3, 92, 1),
(381, 3, 93, 1),
(382, 3, 94, 1),
(383, 3, 95, 1),
(384, 3, 96, 1),
(385, 3, 97, 1),
(386, 3, 98, 1),
(387, 3, 99, 1),
(388, 3, 100, 1),
(389, 3, 101, 1),
(390, 3, 102, 1),
(391, 3, 103, 1),
(392, 3, 104, 1),
(393, 3, 105, 1),
(394, 3, 106, 1),
(395, 3, 107, 1),
(396, 3, 108, 1),
(397, 3, 109, 1),
(398, 3, 110, 1),
(399, 3, 111, 1),
(400, 3, 112, 1),
(401, 3, 113, 1),
(402, 3, 114, 1),
(403, 3, 115, 1),
(404, 3, 116, 1),
(405, 3, 117, 1),
(406, 3, 118, 1),
(407, 3, 119, 1),
(408, 3, 120, 1),
(409, 3, 121, 1),
(410, 3, 122, 1),
(411, 3, 123, 1),
(412, 3, 124, 1),
(413, 3, 125, 1),
(414, 3, 126, 1),
(415, 3, 127, 1),
(416, 3, 128, 1),
(417, 3, 129, 1),
(418, 3, 130, 1),
(419, 3, 131, 1),
(420, 3, 132, 1),
(421, 3, 133, 1),
(422, 3, 134, 1),
(423, 3, 135, 1),
(424, 3, 136, 1),
(425, 3, 137, 1),
(426, 3, 138, 1),
(427, 3, 139, 1),
(428, 3, 140, 1),
(429, 3, 141, 1),
(430, 3, 142, 1),
(431, 3, 143, 1),
(432, 3, 144, 0),
(433, 4, 1, 1),
(434, 4, 2, 1),
(435, 4, 3, 1),
(436, 4, 4, 1),
(437, 4, 5, 1),
(438, 4, 6, 1),
(439, 4, 7, 1),
(440, 4, 8, 1),
(441, 4, 9, 1),
(442, 4, 10, 1),
(443, 4, 11, 1),
(444, 4, 12, 1),
(445, 4, 13, 1),
(446, 4, 14, 1),
(447, 4, 15, 1),
(448, 4, 16, 1),
(449, 4, 17, 1),
(450, 4, 18, 1),
(451, 4, 19, 1),
(452, 4, 20, 1),
(453, 4, 21, 1),
(454, 4, 22, 1),
(455, 4, 23, 1),
(456, 4, 24, 1),
(457, 4, 25, 1),
(458, 4, 26, 1),
(459, 4, 27, 1),
(460, 4, 28, 1),
(461, 4, 29, 1),
(462, 4, 30, 1),
(463, 4, 31, 1),
(464, 4, 32, 1),
(465, 4, 33, 1),
(466, 4, 34, 1),
(467, 4, 35, 1),
(468, 4, 36, 1),
(469, 4, 37, 1),
(470, 4, 38, 1),
(471, 4, 39, 1),
(472, 4, 40, 1),
(473, 4, 41, 1),
(474, 4, 42, 1),
(475, 4, 43, 1),
(476, 4, 44, 1),
(477, 4, 45, 1),
(478, 4, 46, 1),
(479, 4, 47, 1),
(480, 4, 48, 1),
(481, 4, 49, 1),
(482, 4, 50, 1),
(483, 4, 51, 1),
(484, 4, 52, 1),
(485, 4, 53, 1),
(486, 4, 54, 1),
(487, 4, 55, 1),
(488, 4, 56, 1),
(489, 4, 57, 1),
(490, 4, 58, 1),
(491, 4, 59, 1),
(492, 4, 60, 1),
(493, 4, 61, 1),
(494, 4, 62, 1),
(495, 4, 63, 1),
(496, 4, 64, 1),
(497, 4, 65, 1),
(498, 4, 66, 1),
(499, 4, 67, 1),
(500, 4, 68, 1),
(501, 4, 69, 1),
(502, 4, 70, 1),
(503, 4, 71, 1),
(504, 4, 72, 1),
(505, 4, 73, 1),
(506, 4, 74, 1),
(507, 4, 75, 1),
(508, 4, 76, 1),
(509, 4, 77, 1),
(510, 4, 78, 1),
(511, 4, 79, 1),
(512, 4, 80, 1),
(513, 4, 81, 1),
(514, 4, 82, 1),
(515, 4, 83, 1),
(516, 4, 84, 1),
(517, 4, 85, 1),
(518, 4, 86, 1),
(519, 4, 87, 1),
(520, 4, 88, 1),
(521, 4, 89, 1),
(522, 4, 90, 1),
(523, 4, 91, 1),
(524, 4, 92, 1),
(525, 4, 93, 1),
(526, 4, 94, 1),
(527, 4, 95, 1),
(528, 4, 96, 1),
(529, 4, 97, 1),
(530, 4, 98, 1),
(531, 4, 99, 1),
(532, 4, 100, 1),
(533, 4, 101, 1),
(534, 4, 102, 1),
(535, 4, 103, 1),
(536, 4, 104, 1),
(537, 4, 105, 1),
(538, 4, 106, 1),
(539, 4, 107, 1),
(540, 4, 108, 0),
(541, 4, 109, 0),
(542, 4, 110, 0),
(543, 4, 111, 0),
(544, 4, 112, 0),
(545, 4, 113, 0),
(546, 4, 114, 0),
(547, 4, 115, 0),
(548, 4, 116, 0),
(549, 4, 117, 0),
(550, 4, 118, 0),
(551, 4, 119, 0),
(552, 4, 120, 0),
(553, 4, 121, 0),
(554, 4, 122, 0),
(555, 4, 123, 0),
(556, 4, 124, 0),
(557, 4, 125, 0),
(558, 4, 126, 1),
(559, 4, 127, 1),
(560, 4, 128, 1),
(561, 4, 129, 1),
(562, 4, 130, 1),
(563, 4, 131, 1),
(564, 4, 132, 1),
(565, 4, 133, 1),
(566, 4, 134, 1),
(567, 4, 135, 1),
(568, 4, 136, 1),
(569, 4, 137, 1),
(570, 4, 138, 1),
(571, 4, 139, 1),
(572, 4, 140, 1),
(573, 4, 141, 1),
(574, 4, 142, 1),
(575, 4, 143, 1),
(576, 4, 144, 1),
(577, 5, 1, 1),
(578, 5, 2, 1),
(579, 5, 3, 1),
(580, 5, 4, 1),
(581, 5, 5, 1),
(582, 5, 6, 1),
(583, 5, 7, 1),
(584, 5, 8, 1),
(585, 5, 9, 1),
(586, 5, 10, 1),
(587, 5, 11, 1),
(588, 5, 12, 1),
(589, 5, 13, 1),
(590, 5, 14, 1),
(591, 5, 15, 1),
(592, 5, 16, 1),
(593, 5, 17, 1),
(594, 5, 18, 1),
(595, 5, 19, 1),
(596, 5, 20, 1),
(597, 5, 21, 1),
(598, 5, 22, 1),
(599, 5, 23, 1),
(600, 5, 24, 1),
(601, 5, 25, 1),
(602, 5, 26, 1),
(603, 5, 27, 1),
(604, 5, 28, 1),
(605, 5, 29, 1),
(606, 5, 30, 1),
(607, 5, 31, 1),
(608, 5, 32, 1),
(609, 5, 33, 1),
(610, 5, 34, 1),
(611, 5, 35, 1),
(612, 5, 36, 0),
(613, 5, 37, 0),
(614, 5, 38, 0),
(615, 5, 39, 0),
(616, 5, 40, 0),
(617, 5, 41, 0),
(618, 5, 42, 0),
(619, 5, 43, 0),
(620, 5, 44, 0),
(621, 5, 45, 0),
(622, 5, 46, 0),
(623, 5, 47, 0),
(624, 5, 48, 0),
(625, 5, 49, 0),
(626, 5, 50, 0),
(627, 5, 51, 0),
(628, 5, 52, 0),
(629, 5, 53, 0),
(630, 5, 54, 1),
(631, 5, 55, 1),
(632, 5, 56, 1),
(633, 5, 57, 1),
(634, 5, 58, 1),
(635, 5, 59, 1),
(636, 5, 60, 1),
(637, 5, 61, 1),
(638, 5, 62, 1),
(639, 5, 63, 1),
(640, 5, 64, 1),
(641, 5, 65, 1),
(642, 5, 66, 1),
(643, 5, 67, 1),
(644, 5, 68, 1),
(645, 5, 69, 1),
(646, 5, 70, 1),
(647, 5, 71, 1),
(648, 5, 72, 1),
(649, 5, 73, 1),
(650, 5, 74, 1),
(651, 5, 75, 1),
(652, 5, 76, 1),
(653, 5, 77, 1),
(654, 5, 78, 1),
(655, 5, 79, 1),
(656, 5, 80, 1),
(657, 5, 81, 1),
(658, 5, 82, 1),
(659, 5, 83, 1),
(660, 5, 84, 1),
(661, 5, 85, 1),
(662, 5, 86, 1),
(663, 5, 87, 1),
(664, 5, 88, 1),
(665, 5, 89, 1),
(666, 5, 90, 1),
(667, 5, 91, 1),
(668, 5, 92, 1),
(669, 5, 93, 1),
(670, 5, 94, 1),
(671, 5, 95, 1),
(672, 5, 96, 1),
(673, 5, 97, 1),
(674, 5, 98, 1),
(675, 5, 99, 1),
(676, 5, 100, 1),
(677, 5, 101, 1),
(678, 5, 102, 1),
(679, 5, 103, 1),
(680, 5, 104, 1),
(681, 5, 105, 1),
(682, 5, 106, 1),
(683, 5, 107, 1),
(684, 5, 108, 1),
(685, 5, 109, 1),
(686, 5, 110, 1),
(687, 5, 111, 1),
(688, 5, 112, 1),
(689, 5, 113, 1),
(690, 5, 114, 1),
(691, 5, 115, 1),
(692, 5, 116, 1),
(693, 5, 117, 1),
(694, 5, 118, 1),
(695, 5, 119, 1),
(696, 5, 120, 1),
(697, 5, 121, 1),
(698, 5, 122, 1),
(699, 5, 123, 1),
(700, 5, 124, 1),
(701, 5, 125, 1),
(702, 5, 126, 1),
(703, 5, 127, 1),
(704, 5, 128, 1),
(705, 5, 129, 1),
(706, 5, 130, 1),
(707, 5, 131, 1),
(708, 5, 132, 1),
(709, 5, 133, 1),
(710, 5, 134, 1),
(711, 5, 135, 1),
(712, 5, 136, 1),
(713, 5, 137, 1),
(714, 5, 138, 1),
(715, 5, 139, 1),
(716, 5, 140, 1),
(717, 5, 141, 1),
(718, 5, 142, 1),
(719, 5, 143, 1),
(720, 5, 144, 0),
(721, 6, 1, 1),
(722, 6, 2, 1),
(723, 6, 3, 1),
(724, 6, 4, 1),
(725, 6, 5, 1),
(726, 6, 6, 1),
(727, 6, 7, 1),
(728, 6, 8, 1),
(729, 6, 9, 1),
(730, 6, 10, 1),
(731, 6, 11, 1),
(732, 6, 12, 1),
(733, 6, 13, 1),
(734, 6, 14, 1),
(735, 6, 15, 1),
(736, 6, 16, 1),
(737, 6, 17, 1),
(738, 6, 18, 1),
(739, 6, 19, 1),
(740, 6, 20, 1),
(741, 6, 21, 1),
(742, 6, 22, 1),
(743, 6, 23, 1),
(744, 6, 24, 1),
(745, 6, 25, 1),
(746, 6, 26, 1),
(747, 6, 27, 1),
(748, 6, 28, 1),
(749, 6, 29, 1),
(750, 6, 30, 1),
(751, 6, 31, 1),
(752, 6, 32, 1),
(753, 6, 33, 1),
(754, 6, 34, 1),
(755, 6, 35, 1),
(756, 6, 36, 1),
(757, 6, 37, 1),
(758, 6, 38, 1),
(759, 6, 39, 1),
(760, 6, 40, 1),
(761, 6, 41, 1),
(762, 6, 42, 1),
(763, 6, 43, 1),
(764, 6, 44, 1),
(765, 6, 45, 1),
(766, 6, 46, 1),
(767, 6, 47, 1),
(768, 6, 48, 1),
(769, 6, 49, 1),
(770, 6, 50, 1),
(771, 6, 51, 1),
(772, 6, 52, 1),
(773, 6, 53, 1),
(774, 6, 54, 1),
(775, 6, 55, 1),
(776, 6, 56, 1),
(777, 6, 57, 1),
(778, 6, 58, 1),
(779, 6, 59, 1),
(780, 6, 60, 1),
(781, 6, 61, 1),
(782, 6, 62, 1),
(783, 6, 63, 1),
(784, 6, 64, 1),
(785, 6, 65, 1),
(786, 6, 66, 1),
(787, 6, 67, 1),
(788, 6, 68, 1),
(789, 6, 69, 1),
(790, 6, 70, 1),
(791, 6, 71, 1),
(792, 6, 72, 0),
(793, 6, 73, 0),
(794, 6, 74, 0),
(795, 6, 75, 0),
(796, 6, 76, 0),
(797, 6, 77, 0),
(798, 6, 78, 0),
(799, 6, 79, 0),
(800, 6, 80, 0),
(801, 6, 81, 0),
(802, 6, 82, 0),
(803, 6, 83, 0),
(804, 6, 84, 0),
(805, 6, 85, 0),
(806, 6, 86, 0),
(807, 6, 87, 0),
(808, 6, 88, 0),
(809, 6, 89, 0),
(810, 6, 90, 1),
(811, 6, 91, 1),
(812, 6, 92, 1),
(813, 6, 93, 1),
(814, 6, 94, 1),
(815, 6, 95, 1),
(816, 6, 96, 1),
(817, 6, 97, 1),
(818, 6, 98, 1),
(819, 6, 99, 1),
(820, 6, 100, 1),
(821, 6, 101, 1),
(822, 6, 102, 1),
(823, 6, 103, 1),
(824, 6, 104, 1),
(825, 6, 105, 1),
(826, 6, 106, 1),
(827, 6, 107, 1),
(828, 6, 108, 0),
(829, 6, 109, 0),
(830, 6, 110, 0),
(831, 6, 111, 0),
(832, 6, 112, 0),
(833, 6, 113, 0),
(834, 6, 114, 0),
(835, 6, 115, 0),
(836, 6, 116, 0),
(837, 6, 117, 0),
(838, 6, 118, 0),
(839, 6, 119, 0),
(840, 6, 120, 0),
(841, 6, 121, 0),
(842, 6, 122, 0),
(843, 6, 123, 0),
(844, 6, 124, 0),
(845, 6, 125, 0),
(846, 6, 126, 1),
(847, 6, 127, 1),
(848, 6, 128, 1),
(849, 6, 129, 1),
(850, 6, 130, 1),
(851, 6, 131, 1),
(852, 6, 132, 1),
(853, 6, 133, 1),
(854, 6, 134, 1),
(855, 6, 135, 1),
(856, 6, 136, 1),
(857, 6, 137, 1),
(858, 6, 138, 1),
(859, 6, 139, 1),
(860, 6, 140, 1),
(861, 6, 141, 1),
(862, 6, 142, 1),
(863, 6, 143, 1),
(864, 6, 144, 0),
(865, 7, 1, 1),
(866, 7, 2, 1),
(867, 7, 3, 1),
(868, 7, 4, 1),
(869, 7, 5, 1),
(870, 7, 6, 1),
(871, 7, 7, 1),
(872, 7, 8, 1),
(873, 7, 9, 1),
(874, 7, 10, 1),
(875, 7, 11, 1),
(876, 7, 12, 1),
(877, 7, 13, 1),
(878, 7, 14, 1),
(879, 7, 15, 1),
(880, 7, 16, 1),
(881, 7, 17, 1),
(882, 7, 18, 1),
(883, 7, 19, 1),
(884, 7, 20, 1),
(885, 7, 21, 1),
(886, 7, 22, 1),
(887, 7, 23, 1),
(888, 7, 24, 1),
(889, 7, 25, 1),
(890, 7, 26, 1),
(891, 7, 27, 1),
(892, 7, 28, 1),
(893, 7, 29, 1),
(894, 7, 30, 1),
(895, 7, 31, 1),
(896, 7, 32, 1),
(897, 7, 33, 1),
(898, 7, 34, 1),
(899, 7, 35, 1),
(900, 7, 36, 1),
(901, 7, 37, 1),
(902, 7, 38, 1),
(903, 7, 39, 1),
(904, 7, 40, 1),
(905, 7, 41, 1),
(906, 7, 42, 1),
(907, 7, 43, 1),
(908, 7, 44, 1),
(909, 7, 45, 1),
(910, 7, 46, 1),
(911, 7, 47, 1),
(912, 7, 48, 1),
(913, 7, 49, 1),
(914, 7, 50, 1),
(915, 7, 51, 1),
(916, 7, 52, 1),
(917, 7, 53, 1),
(918, 7, 54, 1),
(919, 7, 55, 1),
(920, 7, 56, 1),
(921, 7, 57, 1),
(922, 7, 58, 1),
(923, 7, 59, 1),
(924, 7, 60, 1),
(925, 7, 61, 1),
(926, 7, 62, 1),
(927, 7, 63, 1),
(928, 7, 64, 1),
(929, 7, 65, 1),
(930, 7, 66, 1),
(931, 7, 67, 1),
(932, 7, 68, 1),
(933, 7, 69, 1),
(934, 7, 70, 1),
(935, 7, 71, 1),
(936, 7, 72, 1),
(937, 7, 73, 1),
(938, 7, 74, 1),
(939, 7, 75, 1),
(940, 7, 76, 1),
(941, 7, 77, 1),
(942, 7, 78, 1),
(943, 7, 79, 1),
(944, 7, 80, 1),
(945, 7, 81, 1),
(946, 7, 82, 1),
(947, 7, 83, 1),
(948, 7, 84, 1),
(949, 7, 85, 1),
(950, 7, 86, 1),
(951, 7, 87, 1),
(952, 7, 88, 1),
(953, 7, 89, 1),
(954, 7, 90, 1),
(955, 7, 91, 1),
(956, 7, 92, 1),
(957, 7, 93, 1),
(958, 7, 94, 1),
(959, 7, 95, 1),
(960, 7, 96, 1),
(961, 7, 97, 1),
(962, 7, 98, 1),
(963, 7, 99, 1),
(964, 7, 100, 1),
(965, 7, 101, 1),
(966, 7, 102, 1),
(967, 7, 103, 1),
(968, 7, 104, 1),
(969, 7, 105, 1),
(970, 7, 106, 1),
(971, 7, 107, 1),
(972, 7, 108, 0),
(973, 7, 109, 0),
(974, 7, 110, 0),
(975, 7, 111, 0),
(976, 7, 112, 0),
(977, 7, 113, 0),
(978, 7, 114, 0),
(979, 7, 115, 0),
(980, 7, 116, 0),
(981, 7, 117, 0),
(982, 7, 118, 0),
(983, 7, 119, 0),
(984, 7, 120, 0),
(985, 7, 121, 0),
(986, 7, 122, 0),
(987, 7, 123, 0),
(988, 7, 124, 0),
(989, 7, 125, 0),
(990, 7, 126, 1),
(991, 7, 127, 1),
(992, 7, 128, 1),
(993, 7, 129, 1),
(994, 7, 130, 1),
(995, 7, 131, 1),
(996, 7, 132, 1),
(997, 7, 133, 1),
(998, 7, 134, 1),
(999, 7, 135, 1),
(1000, 7, 136, 1),
(1001, 7, 137, 1),
(1002, 7, 138, 1),
(1003, 7, 139, 1),
(1004, 7, 140, 1),
(1005, 7, 141, 1),
(1006, 7, 142, 1),
(1007, 7, 143, 1),
(1008, 7, 144, 0),
(1009, 8, 1, 1),
(1010, 8, 2, 1),
(1011, 8, 3, 1),
(1012, 8, 4, 1),
(1013, 8, 5, 1),
(1014, 8, 6, 1),
(1015, 8, 7, 1),
(1016, 8, 8, 1),
(1017, 8, 9, 1),
(1018, 8, 10, 1),
(1019, 8, 11, 1),
(1020, 8, 12, 1),
(1021, 8, 13, 1),
(1022, 8, 14, 1),
(1023, 8, 15, 1),
(1024, 8, 16, 1),
(1025, 8, 17, 1),
(1026, 8, 18, 1),
(1027, 8, 19, 1),
(1028, 8, 20, 1),
(1029, 8, 21, 1),
(1030, 8, 22, 1),
(1031, 8, 23, 1),
(1032, 8, 24, 1),
(1033, 8, 25, 1),
(1034, 8, 26, 1),
(1035, 8, 27, 1),
(1036, 8, 28, 1),
(1037, 8, 29, 1),
(1038, 8, 30, 1),
(1039, 8, 31, 1),
(1040, 8, 32, 1),
(1041, 8, 33, 1),
(1042, 8, 34, 1),
(1043, 8, 35, 1),
(1044, 8, 36, 0),
(1045, 8, 37, 0),
(1046, 8, 38, 0),
(1047, 8, 39, 0),
(1048, 8, 40, 0),
(1049, 8, 41, 0),
(1050, 8, 42, 0),
(1051, 8, 43, 0),
(1052, 8, 44, 0),
(1053, 8, 45, 0),
(1054, 8, 46, 0),
(1055, 8, 47, 0),
(1056, 8, 48, 0),
(1057, 8, 49, 0),
(1058, 8, 50, 0),
(1059, 8, 51, 0),
(1060, 8, 52, 0),
(1061, 8, 53, 0),
(1062, 8, 54, 1),
(1063, 8, 55, 1),
(1064, 8, 56, 1),
(1065, 8, 57, 1),
(1066, 8, 58, 1),
(1067, 8, 59, 1),
(1068, 8, 60, 1),
(1069, 8, 61, 1),
(1070, 8, 62, 1),
(1071, 8, 63, 1),
(1072, 8, 64, 1),
(1073, 8, 65, 1),
(1074, 8, 66, 1),
(1075, 8, 67, 1),
(1076, 8, 68, 1),
(1077, 8, 69, 1),
(1078, 8, 70, 1),
(1079, 8, 71, 1),
(1080, 8, 72, 0),
(1081, 8, 73, 0),
(1082, 8, 74, 0),
(1083, 8, 75, 0),
(1084, 8, 76, 0),
(1085, 8, 77, 0),
(1086, 8, 78, 0),
(1087, 8, 79, 0),
(1088, 8, 80, 0),
(1089, 8, 81, 0),
(1090, 8, 82, 0),
(1091, 8, 83, 0),
(1092, 8, 84, 0),
(1093, 8, 85, 0),
(1094, 8, 86, 0),
(1095, 8, 87, 0),
(1096, 8, 88, 0),
(1097, 8, 89, 0),
(1098, 8, 90, 1),
(1099, 8, 91, 1),
(1100, 8, 92, 1),
(1101, 8, 93, 1),
(1102, 8, 94, 1),
(1103, 8, 95, 1),
(1104, 8, 96, 1),
(1105, 8, 97, 1),
(1106, 8, 98, 1),
(1107, 8, 99, 1),
(1108, 8, 100, 1),
(1109, 8, 101, 1),
(1110, 8, 102, 1),
(1111, 8, 103, 1),
(1112, 8, 104, 1),
(1113, 8, 105, 1),
(1114, 8, 106, 1),
(1115, 8, 107, 1),
(1116, 8, 108, 1),
(1117, 8, 109, 1),
(1118, 8, 110, 1),
(1119, 8, 111, 1),
(1120, 8, 112, 1),
(1121, 8, 113, 1),
(1122, 8, 114, 1),
(1123, 8, 115, 1),
(1124, 8, 116, 1),
(1125, 8, 117, 1),
(1126, 8, 118, 1),
(1127, 8, 119, 1),
(1128, 8, 120, 1),
(1129, 8, 121, 1),
(1130, 8, 122, 1),
(1131, 8, 123, 1),
(1132, 8, 124, 1),
(1133, 8, 125, 1),
(1134, 8, 126, 1),
(1135, 8, 127, 1),
(1136, 8, 128, 1),
(1137, 8, 129, 1),
(1138, 8, 130, 1),
(1139, 8, 131, 1),
(1140, 8, 132, 1),
(1141, 8, 133, 1),
(1142, 8, 134, 1),
(1143, 8, 135, 1),
(1144, 8, 136, 1),
(1145, 8, 137, 1),
(1146, 8, 138, 1),
(1147, 8, 139, 1),
(1148, 8, 140, 1),
(1149, 8, 141, 1),
(1150, 8, 142, 1),
(1151, 8, 143, 1),
(1152, 8, 144, 1),
(1153, 9, 1, 1),
(1154, 9, 2, 1),
(1155, 9, 3, 1),
(1156, 9, 4, 1),
(1157, 9, 5, 1),
(1158, 9, 6, 1),
(1159, 9, 7, 1),
(1160, 9, 8, 1),
(1161, 9, 9, 1),
(1162, 9, 10, 1),
(1163, 9, 11, 1),
(1164, 9, 12, 1),
(1165, 9, 13, 1),
(1166, 9, 14, 1),
(1167, 9, 15, 1),
(1168, 9, 16, 1),
(1169, 9, 17, 1),
(1170, 9, 18, 1),
(1171, 9, 19, 1),
(1172, 9, 20, 1),
(1173, 9, 21, 1),
(1174, 9, 22, 1),
(1175, 9, 23, 1),
(1176, 9, 24, 1),
(1177, 9, 25, 1),
(1178, 9, 26, 1),
(1179, 9, 27, 1),
(1180, 9, 28, 1),
(1181, 9, 29, 1),
(1182, 9, 30, 1),
(1183, 9, 31, 1),
(1184, 9, 32, 1),
(1185, 9, 33, 1),
(1186, 9, 34, 1),
(1187, 9, 35, 1),
(1188, 9, 36, 0),
(1189, 9, 37, 0),
(1190, 9, 38, 0),
(1191, 9, 39, 0),
(1192, 9, 40, 0),
(1193, 9, 41, 0),
(1194, 9, 42, 0),
(1195, 9, 43, 0),
(1196, 9, 44, 0),
(1197, 9, 45, 0),
(1198, 9, 46, 0),
(1199, 9, 47, 0),
(1200, 9, 48, 0),
(1201, 9, 49, 0),
(1202, 9, 50, 0),
(1203, 9, 51, 0),
(1204, 9, 52, 0),
(1205, 9, 53, 0),
(1206, 9, 54, 1),
(1207, 9, 55, 1),
(1208, 9, 56, 1),
(1209, 9, 57, 1),
(1210, 9, 58, 1),
(1211, 9, 59, 1),
(1212, 9, 60, 1),
(1213, 9, 61, 1),
(1214, 9, 62, 1),
(1215, 9, 63, 1),
(1216, 9, 64, 1),
(1217, 9, 65, 1),
(1218, 9, 66, 1),
(1219, 9, 67, 1),
(1220, 9, 68, 1),
(1221, 9, 69, 1),
(1222, 9, 70, 1),
(1223, 9, 71, 1),
(1224, 9, 72, 0),
(1225, 9, 73, 0),
(1226, 9, 74, 0),
(1227, 9, 75, 0),
(1228, 9, 76, 0),
(1229, 9, 77, 0),
(1230, 9, 78, 0),
(1231, 9, 79, 0),
(1232, 9, 80, 0),
(1233, 9, 81, 0),
(1234, 9, 82, 0),
(1235, 9, 83, 0),
(1236, 9, 84, 0),
(1237, 9, 85, 0),
(1238, 9, 86, 0),
(1239, 9, 87, 0),
(1240, 9, 88, 0),
(1241, 9, 89, 0),
(1242, 9, 90, 1),
(1243, 9, 91, 1),
(1244, 9, 92, 1),
(1245, 9, 93, 1),
(1246, 9, 94, 1),
(1247, 9, 95, 1),
(1248, 9, 96, 1),
(1249, 9, 97, 1),
(1250, 9, 98, 1),
(1251, 9, 99, 1),
(1252, 9, 100, 1),
(1253, 9, 101, 1),
(1254, 9, 102, 1),
(1255, 9, 103, 1),
(1256, 9, 104, 1),
(1257, 9, 105, 1),
(1258, 9, 106, 1),
(1259, 9, 107, 1),
(1260, 9, 108, 0),
(1261, 9, 109, 0),
(1262, 9, 110, 0),
(1263, 9, 111, 0),
(1264, 9, 112, 0),
(1265, 9, 113, 0),
(1266, 9, 114, 0),
(1267, 9, 115, 0),
(1268, 9, 116, 0),
(1269, 9, 117, 0),
(1270, 9, 118, 0),
(1271, 9, 119, 0),
(1272, 9, 120, 0),
(1273, 9, 121, 0),
(1274, 9, 122, 0),
(1275, 9, 123, 0),
(1276, 9, 124, 0),
(1277, 9, 125, 0),
(1278, 9, 126, 1),
(1279, 9, 127, 1),
(1280, 9, 128, 1),
(1281, 9, 129, 1),
(1282, 9, 130, 1),
(1283, 9, 131, 1),
(1284, 9, 132, 1),
(1285, 9, 133, 1),
(1286, 9, 134, 1),
(1287, 9, 135, 1),
(1288, 9, 136, 1),
(1289, 9, 137, 1),
(1290, 9, 138, 1),
(1291, 9, 139, 1),
(1292, 9, 140, 1),
(1293, 9, 141, 1),
(1294, 9, 142, 1),
(1295, 9, 143, 1),
(1296, 9, 144, 1),
(1297, 10, 1, 1),
(1298, 10, 2, 1),
(1299, 10, 3, 1),
(1300, 10, 4, 1),
(1301, 10, 5, 1),
(1302, 10, 6, 1),
(1303, 10, 7, 1),
(1304, 10, 8, 1),
(1305, 10, 9, 1),
(1306, 10, 10, 1),
(1307, 10, 11, 1),
(1308, 10, 12, 1),
(1309, 10, 13, 1),
(1310, 10, 14, 1),
(1311, 10, 15, 1),
(1312, 10, 16, 1),
(1313, 10, 17, 1),
(1314, 10, 18, 1),
(1315, 10, 19, 1),
(1316, 10, 20, 1),
(1317, 10, 21, 1),
(1318, 10, 22, 1),
(1319, 10, 23, 1),
(1320, 10, 24, 1),
(1321, 10, 25, 1),
(1322, 10, 26, 1),
(1323, 10, 27, 1),
(1324, 10, 28, 1),
(1325, 10, 29, 1),
(1326, 10, 30, 1),
(1327, 10, 31, 1),
(1328, 10, 32, 1),
(1329, 10, 33, 1),
(1330, 10, 34, 1),
(1331, 10, 35, 1),
(1332, 10, 36, 0),
(1333, 10, 37, 0),
(1334, 10, 38, 0),
(1335, 10, 39, 0),
(1336, 10, 40, 0),
(1337, 10, 41, 0),
(1338, 10, 42, 0),
(1339, 10, 43, 0),
(1340, 10, 44, 0),
(1341, 10, 45, 0),
(1342, 10, 46, 0),
(1343, 10, 47, 0),
(1344, 10, 48, 0),
(1345, 10, 49, 0),
(1346, 10, 50, 0),
(1347, 10, 51, 0),
(1348, 10, 52, 0),
(1349, 10, 53, 0),
(1350, 10, 54, 1),
(1351, 10, 55, 1),
(1352, 10, 56, 1),
(1353, 10, 57, 1),
(1354, 10, 58, 1),
(1355, 10, 59, 1),
(1356, 10, 60, 1),
(1357, 10, 61, 1),
(1358, 10, 62, 1),
(1359, 10, 63, 1),
(1360, 10, 64, 1),
(1361, 10, 65, 1),
(1362, 10, 66, 1),
(1363, 10, 67, 1),
(1364, 10, 68, 1),
(1365, 10, 69, 1),
(1366, 10, 70, 1),
(1367, 10, 71, 1),
(1368, 10, 72, 0),
(1369, 10, 73, 0),
(1370, 10, 74, 0),
(1371, 10, 75, 0),
(1372, 10, 76, 0),
(1373, 10, 77, 0),
(1374, 10, 78, 0),
(1375, 10, 79, 0),
(1376, 10, 80, 0),
(1377, 10, 81, 0),
(1378, 10, 82, 0),
(1379, 10, 83, 0),
(1380, 10, 84, 0),
(1381, 10, 85, 0),
(1382, 10, 86, 0),
(1383, 10, 87, 0),
(1384, 10, 88, 0),
(1385, 10, 89, 0),
(1386, 10, 90, 1),
(1387, 10, 91, 1),
(1388, 10, 92, 1),
(1389, 10, 93, 1),
(1390, 10, 94, 1),
(1391, 10, 95, 1),
(1392, 10, 96, 1),
(1393, 10, 97, 1),
(1394, 10, 98, 1),
(1395, 10, 99, 1),
(1396, 10, 100, 1),
(1397, 10, 101, 1),
(1398, 10, 102, 1),
(1399, 10, 103, 1),
(1400, 10, 104, 1),
(1401, 10, 105, 1),
(1402, 10, 106, 1),
(1403, 10, 107, 1),
(1404, 10, 108, 1),
(1405, 10, 109, 1),
(1406, 10, 110, 1),
(1407, 10, 111, 1),
(1408, 10, 112, 1),
(1409, 10, 113, 1),
(1410, 10, 114, 1),
(1411, 10, 115, 1),
(1412, 10, 116, 1),
(1413, 10, 117, 1),
(1414, 10, 118, 1),
(1415, 10, 119, 1),
(1416, 10, 120, 1),
(1417, 10, 121, 1),
(1418, 10, 122, 1),
(1419, 10, 123, 1),
(1420, 10, 124, 1),
(1421, 10, 125, 1),
(1422, 10, 126, 1),
(1423, 10, 127, 1),
(1424, 10, 128, 1),
(1425, 10, 129, 1),
(1426, 10, 130, 1),
(1427, 10, 131, 1),
(1428, 10, 132, 1),
(1429, 10, 133, 1),
(1430, 10, 134, 1),
(1431, 10, 135, 1),
(1432, 10, 136, 1),
(1433, 10, 137, 1),
(1434, 10, 138, 1),
(1435, 10, 139, 1),
(1436, 10, 140, 1),
(1437, 10, 141, 1),
(1438, 10, 142, 1),
(1439, 10, 143, 1),
(1440, 10, 144, 0),
(1441, 11, 1, 1),
(1442, 11, 2, 1),
(1443, 11, 3, 1),
(1444, 11, 4, 1),
(1445, 11, 5, 1),
(1446, 11, 6, 1),
(1447, 11, 7, 1),
(1448, 11, 8, 1),
(1449, 11, 9, 1),
(1450, 11, 10, 1),
(1451, 11, 11, 1),
(1452, 11, 12, 1),
(1453, 11, 13, 1),
(1454, 11, 14, 1),
(1455, 11, 15, 1),
(1456, 11, 16, 1),
(1457, 11, 17, 1),
(1458, 11, 18, 1),
(1459, 11, 19, 1),
(1460, 11, 20, 1),
(1461, 11, 21, 1),
(1462, 11, 22, 1),
(1463, 11, 23, 1),
(1464, 11, 24, 1),
(1465, 11, 25, 1),
(1466, 11, 26, 1),
(1467, 11, 27, 1),
(1468, 11, 28, 1),
(1469, 11, 29, 1),
(1470, 11, 30, 1),
(1471, 11, 31, 1),
(1472, 11, 32, 1),
(1473, 11, 33, 1),
(1474, 11, 34, 1),
(1475, 11, 35, 1),
(1476, 11, 36, 1),
(1477, 11, 37, 1),
(1478, 11, 38, 1),
(1479, 11, 39, 1),
(1480, 11, 40, 1),
(1481, 11, 41, 1),
(1482, 11, 42, 1),
(1483, 11, 43, 1),
(1484, 11, 44, 1),
(1485, 11, 45, 1),
(1486, 11, 46, 1),
(1487, 11, 47, 1),
(1488, 11, 48, 1),
(1489, 11, 49, 1),
(1490, 11, 50, 1),
(1491, 11, 51, 1),
(1492, 11, 52, 1),
(1493, 11, 53, 1),
(1494, 11, 54, 1),
(1495, 11, 55, 1),
(1496, 11, 56, 1),
(1497, 11, 57, 1),
(1498, 11, 58, 1),
(1499, 11, 59, 1),
(1500, 11, 60, 1),
(1501, 11, 61, 1),
(1502, 11, 62, 1),
(1503, 11, 63, 1),
(1504, 11, 64, 1),
(1505, 11, 65, 1),
(1506, 11, 66, 1),
(1507, 11, 67, 1),
(1508, 11, 68, 1),
(1509, 11, 69, 1),
(1510, 11, 70, 1),
(1511, 11, 71, 1),
(1512, 11, 72, 0),
(1513, 11, 73, 0),
(1514, 11, 74, 0),
(1515, 11, 75, 0),
(1516, 11, 76, 0),
(1517, 11, 77, 0),
(1518, 11, 78, 0),
(1519, 11, 79, 0),
(1520, 11, 80, 0),
(1521, 11, 81, 0),
(1522, 11, 82, 0),
(1523, 11, 83, 0),
(1524, 11, 84, 0),
(1525, 11, 85, 0),
(1526, 11, 86, 0),
(1527, 11, 87, 0),
(1528, 11, 88, 0),
(1529, 11, 89, 0),
(1530, 11, 90, 1),
(1531, 11, 91, 1),
(1532, 11, 92, 1),
(1533, 11, 93, 1),
(1534, 11, 94, 1),
(1535, 11, 95, 1),
(1536, 11, 96, 1),
(1537, 11, 97, 1),
(1538, 11, 98, 1),
(1539, 11, 99, 1),
(1540, 11, 100, 1),
(1541, 11, 101, 1),
(1542, 11, 102, 1),
(1543, 11, 103, 1),
(1544, 11, 104, 1),
(1545, 11, 105, 1),
(1546, 11, 106, 1),
(1547, 11, 107, 1),
(1548, 11, 108, 1),
(1549, 11, 109, 1),
(1550, 11, 110, 1),
(1551, 11, 111, 1),
(1552, 11, 112, 1),
(1553, 11, 113, 1),
(1554, 11, 114, 1),
(1555, 11, 115, 1),
(1556, 11, 116, 1),
(1557, 11, 117, 1),
(1558, 11, 118, 1),
(1559, 11, 119, 1),
(1560, 11, 120, 1),
(1561, 11, 121, 1),
(1562, 11, 122, 1),
(1563, 11, 123, 1),
(1564, 11, 124, 1),
(1565, 11, 125, 1),
(1566, 11, 126, 1),
(1567, 11, 127, 1),
(1568, 11, 128, 1),
(1569, 11, 129, 1),
(1570, 11, 130, 1),
(1571, 11, 131, 1),
(1572, 11, 132, 1),
(1573, 11, 133, 1),
(1574, 11, 134, 1),
(1575, 11, 135, 1),
(1576, 11, 136, 1),
(1577, 11, 137, 1),
(1578, 11, 138, 1),
(1579, 11, 139, 1),
(1580, 11, 140, 1),
(1581, 11, 141, 1),
(1582, 11, 142, 1),
(1583, 11, 143, 1),
(1584, 11, 144, 0);

-- --------------------------------------------------------

--
-- Structure de la table `paiements`
--

DROP TABLE IF EXISTS `paiements`;
CREATE TABLE IF NOT EXISTS `paiements` (
  `id_paiement` int NOT NULL AUTO_INCREMENT,
  `id_client` int DEFAULT NULL,
  `montant` decimal(10,2) DEFAULT NULL,
  `date_paiement` timestamp NULL DEFAULT CURRENT_TIMESTAMP,
  PRIMARY KEY (`id_paiement`),
  KEY `id_client` (`id_client`)
) ENGINE=MyISAM DEFAULT CHARSET=utf8mb4 COLLATE=utf8mb4_0900_ai_ci;

-- --------------------------------------------------------

--
-- Structure de la table `rendezvous`
--

DROP TABLE IF EXISTS `rendezvous`;
CREATE TABLE IF NOT EXISTS `rendezvous` (
  `id_rdv` int NOT NULL AUTO_INCREMENT,
  `id_client` int DEFAULT NULL,
  `id_coach` int DEFAULT NULL,
  `id_creneau` int DEFAULT NULL,
  `cree_a` timestamp NULL DEFAULT CURRENT_TIMESTAMP,
  PRIMARY KEY (`id_rdv`),
  KEY `id_client` (`id_client`),
  KEY `id_coach` (`id_coach`),
  KEY `id_creneau` (`id_creneau`)
) ENGINE=MyISAM DEFAULT CHARSET=utf8mb4 COLLATE=utf8mb4_0900_ai_ci;

-- --------------------------------------------------------

--
-- Structure de la table `services`
--

DROP TABLE IF EXISTS `services`;
CREATE TABLE IF NOT EXISTS `services` (
  `id_service` int NOT NULL AUTO_INCREMENT,
  `categorie` enum('Activité','Sport compétitif','Salle de sport') DEFAULT NULL,
  `nom` varchar(100) DEFAULT NULL,
  `description` text,
  PRIMARY KEY (`id_service`)
) ENGINE=MyISAM DEFAULT CHARSET=utf8mb4 COLLATE=utf8mb4_0900_ai_ci;

-- --------------------------------------------------------

--
-- Structure de la table `utilisateurs`
--

DROP TABLE IF EXISTS `utilisateurs`;
CREATE TABLE IF NOT EXISTS `utilisateurs` (
  `id_utilisateur` int NOT NULL AUTO_INCREMENT,
  `prenom` varchar(100) DEFAULT NULL,
  `nom` varchar(100) DEFAULT NULL,
  `email` varchar(100) DEFAULT NULL,
  `mot_de_passe` varchar(255) DEFAULT NULL,
  `adresse_ligne1` varchar(255) DEFAULT NULL,
  `adresse_ligne2` varchar(255) DEFAULT NULL,
  `ville` varchar(100) DEFAULT NULL,
  `code_postal` varchar(20) DEFAULT NULL,
  `pays` varchar(100) DEFAULT NULL,
  `telephone` varchar(20) DEFAULT NULL,
  `carte_etudiant` varchar(9) DEFAULT NULL,
  `role_utilisateur` enum('admin','coach','client') DEFAULT NULL,
  `cree_a` timestamp NULL DEFAULT CURRENT_TIMESTAMP,
  `numero_carte` varchar(16) DEFAULT NULL,
  `nom_proprietaire` varchar(100) DEFAULT NULL,
  `date_expiration` varchar(5) DEFAULT NULL,
  `cvv` varchar(4) DEFAULT NULL,
  `type_carte` enum('Visa','MasterCard','American Express','PayPal') DEFAULT NULL,
  PRIMARY KEY (`id_utilisateur`),
  UNIQUE KEY `email` (`email`)
) ENGINE=MyISAM AUTO_INCREMENT=17 DEFAULT CHARSET=utf8mb4 COLLATE=utf8mb4_0900_ai_ci;

--
-- Déchargement des données de la table `utilisateurs`
--

INSERT INTO `utilisateurs` (`id_utilisateur`, `prenom`, `nom`, `email`, `mot_de_passe`, `adresse_ligne1`, `adresse_ligne2`, `ville`, `code_postal`, `pays`, `telephone`, `carte_etudiant`, `role_utilisateur`, `cree_a`, `numero_carte`, `nom_proprietaire`, `date_expiration`, `cvv`, `type_carte`) VALUES
(1, 'Guy', 'Fit', 'guy.fit@edu.ece.fr', 'password1', '123 Fitness St.', 'Apt 1', 'Paris', '75001', 'France', '07 46 91 73 22', '123456789', 'coach', '2024-05-30 11:45:05', '1234567890123456', 'Guy Fit', '12/25', '123', 'Visa'),
(2, 'Maxine', 'Detente', 'maxine.detente@edu.ece.fr', 'password2', '456 Cardio Blvd.', 'Suite 2', 'Lyon', '69001', 'France', '07 46 91 73 23', '987654321', 'coach', '2024-05-30 11:45:05', '2345678901234567', 'Maxine Detente', '11/24', '456', 'MasterCard'),
(3, 'Sylvain', 'Saroule', 'sylvain.saroule@edu.ece.fr', 'password3', '789 Biking Way', '', 'Marseille', '13001', 'France', '07 46 91 73 24', '192837465', 'coach', '2024-05-30 11:45:05', '3456789012345678', 'Sylvain Saroule', '10/23', '789', 'American Express'),
(4, 'Angela', 'Baha', 'angela.baha@edu.ece.fr', 'password4', '321 Collective Rd.', 'Floor 4', 'Toulouse', '31000', 'France', '07 46 91 73 25', '564738291', 'coach', '2024-05-30 11:45:05', '4567890123456789', 'Angela Baha', '09/22', '012', 'PayPal'),
(5, 'Ilies', 'Matrixé', 'ilies.matrixe@edu.ece.fr', 'password5', '654 Muscle Ave.', 'Apt 5', 'Nice', '06000', 'France', '07 46 91 73 26', '918273645', 'coach', '2024-05-30 11:45:05', '5678901234567890', 'Ilies Matrixé', '08/21', '345', 'Visa'),
(6, 'Kim', 'Possible', 'kim.possible@edu.ece.fr', 'password6', '987 Basket St.', '', 'Bordeaux', '33000', 'France', '07 46 91 73 27', '837465192', 'coach', '2024-05-30 11:45:05', '6789012345678901', 'Kim Possible', '07/20', '678', 'MasterCard'),
(7, 'Zizou', 'Legrand', 'zizou.legrand@edu.ece.fr', 'password7', '159 Football Dr.', '', 'Lille', '59000', 'France', '07 46 91 73 28', '647382910', 'coach', '2024-05-30 11:45:05', '7890123456789012', 'Zizou Legrand', '06/19', '901', 'American Express'),
(8, 'Come', 'Unfrigo', 'come.unfrigo@edu.ece.fr', 'password8', '753 Rugby Cir.', '', 'Strasbourg', '67000', 'France', '07 46 91 73 29', '564738291', 'coach', '2024-05-30 11:45:05', '8901234567890123', 'Come Unfrigo', '05/18', '234', 'PayPal'),
(9, 'Nina', 'Iguess', 'nina.iguess@edu.ece.fr', 'password9', '951 Tennis Ln.', '', 'Montpellier', '34000', 'France', '07 46 91 73 30', '182736495', 'coach', '2024-05-30 11:45:05', '9012345678901234', 'Nina Iguess', '04/17', '567', 'Visa'),
(10, 'Ariel', 'Laptitesirene', 'ariel.laptitesirene@edu.ece.fr', 'password10', '357 Swim Dr.', '', 'Rennes', '35000', 'France', '07 46 91 73 31', '293847561', 'coach', '2024-05-30 11:45:05', '0123456789012345', 'Ariel Laptitesirene', '03/16', '890', 'MasterCard'),
(11, 'Nicolas', 'Latetenba', 'nicolas.latetenba@edu.ece.fr', 'password11', '468 Dive Blvd.', '', 'Reims', '51100', 'France', '07 46 91 73 32', '748392615', 'coach', '2024-05-30 11:45:05', '1234567890123456', 'Nicolas Latetenba', '02/15', '123', 'American Express'),
(12, 'Lola', 'Legall', 'lola.legall@edu.ece.fr', 'martin', '1 Admin St.', 'Apt 101', 'Paris', '75001', 'France', '06 12 34 56 78', '123456780', 'admin', '2024-05-30 15:06:16', '1111222233334444', 'Lola Legall', '12/26', '123', 'Visa'),
(13, 'Pacôme', 'Golvet', 'pacome.golvet@edu.ece.fr', 'Rohr', '2 Admin Blvd.', '', 'Epalles', '03251', 'France', '06 87 65 43 21', '123456781', 'admin', '2024-05-30 15:06:16', '5555666677778888', 'Pacôme Golvet', '11/25', '456', 'MasterCard'),
(14, 'Amandine', 'Soyez', 'amandine.soyez@edu.ece.fr', 'Rohr', '3 Admin Ave.', 'Suite 300', 'Fayot', '03250', 'France', '06 98 76 54 32', '123456782', 'admin', '2024-05-30 15:06:16', '9999000011112222', 'Amandine Soyez', '10/24', '789', 'American Express'),
(16, 'Amandine', 'Soyez', 'amandine27478@gmail.com', 'Moulin', '25 Bis rue de l\'Armorique', 'Appartement 4', 'PARIS 15', '75015', 'France', '0631779407', '123456789', 'client', '2024-05-30 16:11:50', '1234567890123456', 'Amandine Soyez', '12/14', '123', 'American Express');
COMMIT;

/*!40101 SET CHARACTER_SET_CLIENT=@OLD_CHARACTER_SET_CLIENT */;
/*!40101 SET CHARACTER_SET_RESULTS=@OLD_CHARACTER_SET_RESULTS */;
/*!40101 SET COLLATION_CONNECTION=@OLD_COLLATION_CONNECTION */;
