-- phpMyAdmin SQL Dump
-- version 5.2.0
-- https://www.phpmyadmin.net/
--
-- Hôte : 127.0.0.1:3306
-- Généré le : dim. 02 juin 2024 à 14:05
-- Version du serveur : 8.0.31
-- Version de PHP : 8.0.26

SET SQL_MODE = "NO_AUTO_VALUE_ON_ZERO";
START TRANSACTION;
SET time_zone = "+00:00";


/*!40101 SET @OLD_CHARACTER_SET_CLIENT=@@CHARACTER_SET_CLIENT */;
/*!40101 SET @OLD_CHARACTER_SET_RESULTS=@@CHARACTER_SET_RESULTS */;
/*!40101 SET @OLD_COLLATION_CONNECTION=@@COLLATION_CONNECTION */;
/*!40101 SET NAMES utf8mb4 */;

--
-- Base de données : `projet-piscine`
--

-- --------------------------------------------------------

--
-- Structure de la table `coachs`
--

DROP TABLE IF EXISTS `coachs`;
CREATE TABLE IF NOT EXISTS `coachs` (
  `id_coach` int NOT NULL AUTO_INCREMENT,
  `id_utilisateur` int DEFAULT NULL,
  `specialite` varchar(100) DEFAULT NULL,
  `photo_url` varchar(255) DEFAULT NULL,
  `video_url` varchar(255) DEFAULT NULL,
  `cv` text,
  PRIMARY KEY (`id_coach`),
  KEY `id_utilisateur` (`id_utilisateur`)
) ENGINE=MyISAM AUTO_INCREMENT=19 DEFAULT CHARSET=utf8mb4 COLLATE=utf8mb4_0900_ai_ci;

--
-- Déchargement des données de la table `coachs`
--

INSERT INTO `coachs` (`id_coach`, `id_utilisateur`, `specialite`, `photo_url`, `video_url`, `cv`) VALUES
(1, 1, 'Fitness', 'coach1.jpg', 'https://youtu.be/EKR3kZg6wck?si=LLk9X3yrei0id2VM', '<Coach>\r\n    <ID>1</ID>\r\n    <Nom>Fit</Nom>\r\n    <Prenom>Guy</Prenom>\r\n    <Specialite>Fitness</Specialite>\r\n    <Photo>coach1.jpg</Photo>\r\n    <Video>https://youtu.be/EKR3kZg6wck?si=LLk9X3yrei0id2VM</Video>\r\n    <Telephone>07 46 91 73 22</Telephone>\r\n    <Email>guy.fit@edu.ece.fr</Email>\r\n    <CV>Formation: Licence STAPS. Expériences: Coach personnel depuis 5 ans. Autres: Spécialisé en nutrition sportive.</CV>\r\n</Coach>'),
(2, 2, 'Cardio-Training', 'coach2.jpeg', 'https://youtu.be/cJhMDf1UzD8?si=vNgclgB0CdG7pfzw', '<Coach>\r\n    <ID>2</ID>\r\n    <Nom>Detente</Nom>\r\n    <Prenom>Maxine</Prenom>\r\n    <Specialite>Cardio-Training</Specialite>\r\n    <Photo>coach2.jpeg</Photo>\r\n    <Video>https://youtu.be/cJhMDf1UzD8?si=vNgclgB0CdG7pfzw</Video>\r\n    <Telephone>07 46 91 73 23</Telephone>\r\n    <Email>maxine.detente@edu.ece.fr</Email>\r\n    <CV>Formation: Diplôme de professeur de yoga sportif. Expériences: Enseigne le Cardio-Training depuis 8 ans. Autres: Expert en méditation et relaxation.</CV>\r\n</Coach>'),
(3, 3, 'Biking', 'coach3.jpg', 'None', '<Coach>\r\n    <ID>3</ID>\r\n    <Nom>Saroule</Nom>\r\n    <Prenom>Sylvain</Prenom>\r\n    <Specialite>Biking</Specialite>\r\n    <Photo>coach3.jpg</Photo>\r\n    <Video>None</Video>\r\n    <Telephone>07 46 91 73 24</Telephone>\r\n    <Email>sylvain.saroule@edu.ece.fr</Email>\r\n    <CV>Formation: Champion national de vélo d\'interieur. Expériences: Entraîneur de Biking depuis 10 ans. Autres: Spécialisé en préparation physique.</CV>\r\n</Coach>'),
(4, 4, 'Cours Collectifs', 'coach4.jpg', 'None', '<Coach>\r\n    <ID>4</ID>\r\n    <Nom>Baha</Nom>\r\n    <Prenom>Angela</Prenom>\r\n    <Specialite>Cours Collectifs</Specialite>\r\n    <Photo>coach4.jpg</Photo>\r\n    <Video>None</Video>\r\n    <Telephone>07 46 91 73 25</Telephone>\r\n    <Email>angela.baha@edu.ece.fr</Email>\r\n    <CV>Formation: Instructrice certifiée Pilates. Expériences: Enseigne le Pilates depuis 7 ans. Autres: Spécialisée en rééducation posturale.</CV>\r\n</Coach>'),
(5, 5, 'Musculation', 'coach5.jpeg', 'https://youtu.be/45l6bl8Uyr4?si=bqgYPtALl3NsEV3h', '<Coach>\r\n    <ID>5</ID>\r\n    <Nom>Matrixé</Nom>\r\n    <Prenom>Ilies</Prenom>\r\n    <Specialite>Musculation</Specialite>\r\n    <Photo>coach5.jpeg</Photo>\r\n    <Video>https://youtu.be/45l6bl8Uyr4?si=bqgYPtALl3NsEV3h</Video>\r\n    <Telephone>07 46 91 73 26</Telephone>\r\n    <Email>ilies.matrixe@edu.ece.fr</Email>\r\n    <CV>Formation: Diplôme en sciences du sport. Expériences: Entraîneur personnel depuis 12 ans. Autres: Spécialisé en hypertrophie musculaire.</CV>\r\n</Coach>'),
(6, 6, 'Basketball', 'coach6.jpeg', 'https://youtu.be/3bxihqPKF08?si=7gbvOv2naC0KVgOA', '<Coach>\r\n    <ID>6</ID>\r\n    <Nom>Possible</Nom>\r\n    <Prenom>Kim</Prenom>\r\n    <Specialite>Basketball</Specialite>\r\n    <Photo>coach6.jpeg</Photo>\r\n    <Video>https://youtu.be/3bxihqPKF08?si=7gbvOv2naC0KVgOA</Video>\r\n    <Telephone>07 46 91 73 27</Telephone>\r\n    <Email>kim.possible@edu.ece.fr</Email>\r\n    <CV>Formation: Diplôme en éducation physique. Expériences: Entraîneur de basketball depuis 10 ans. Autres: Spécialisée en stratégie de jeu.</CV>\r\n</Coach>'),
(7, 7, 'Football', 'coach7.jpeg', 'None', '<Coach>\r\n    <ID>7</ID>\r\n    <Nom>Legrand</Nom>\r\n    <Prenom>Zizou</Prenom>\r\n    <Specialite>Football</Specialite>\r\n    <Photo>coach7.jpeg</Photo>\r\n    <Video>None</Video>\r\n    <Telephone>07 46 91 73 28</Telephone>\r\n    <Email>zizou.legrand@edu.ece.fr</Email>\r\n    <CV>Formation: Licence en sciences du sport. Expériences: Entraîneur de football depuis 8 ans. Autres: Spécialisé en technique de jeu et fitness.</CV>\r\n</Coach>'),
(8, 8, 'Rugby', 'coach8.jpg', 'None', '<Coach>\r\n    <ID>8</ID>\r\n    <Nom>Unfrigo</Nom>\r\n    <Prenom>Come</Prenom>\r\n    <Specialite>Rugby</Specialite>\r\n    <Photo>coach8.jpg</Photo>\r\n    <Video>None</Video>\r\n    <Telephone>07 46 91 73 29</Telephone>\r\n    <Email>come.unfrigo@edu.ece.fr</Email>\r\n    <CV>Formation: Champion national de rugby. Expériences: Entraîneur de rugby depuis 12 ans. Autres: Spécialisé en préparation physique.</CV>\r\n</Coach>'),
(9, 9, 'Tennis', 'coach9.jpeg', 'None', '<Coach>\r\n    <ID>9</ID>\r\n    <Nom>Iguess</Nom>\r\n    <Prenom>Nina</Prenom>\r\n    <Specialite>Tennis</Specialite>\r\n    <Photo>coach9.jpeg</Photo>\r\n    <Video>None</Video>\r\n    <Telephone>07 46 91 73 30</Telephone>\r\n    <Email>nina.iguess@edu.ece.fr</Email>\r\n    <CV>Formation: Diplômée en tennis de compétition. Expériences: Entraîneur de tennis depuis 7 ans. Autres: Spécialisée en technique de jeu et stratégie.</CV>\r\n</Coach>'),
(10, 10, 'Natation', 'coach10.jpeg', 'None', '<Coach>\r\n    <ID>10</ID>\r\n    <Nom>Laptitesirene</Nom>\r\n    <Prenom>Ariel</Prenom>\r\n    <Specialite>Natation</Specialite>\r\n    <Photo>coach10.jpeg</Photo>\r\n    <Video>None</Video>\r\n    <Telephone>07 46 91 73 31</Telephone>\r\n    <Email>ariel.laptitesirene@edu.ece.fr</Email>\r\n    <CV>Formation: Diplômée en natation sportive. Expériences: Entraîneur de natation depuis 5 ans. Autres: Spécialisée en endurance et technique de nage.</CV>\r\n</Coach>'),
(11, 11, 'Plongeon', 'coach11.jpeg', 'None', '<Coach>\r\n    <ID>11</ID>\r\n    <Nom>Latetenba</Nom>\r\n    <Prenom>Nicolas</Prenom>\r\n    <Specialite>Plongeon</Specialite>\r\n    <Photo>coach11.jpeg</Photo>\r\n    <Video>None</Video>\r\n    <Telephone>07 46 91 73 32</Telephone>\r\n    <Email>nicolas.latetenba@edu.ece.fr</Email>\r\n    <CV>Formation: Champion national de plongeon. Expériences: Entraîneur de plongeon depuis 6 ans. Autres: Spécialisé en technique et acrobatie.</CV>\r\n</Coach>'),
(18, 18, 'Nutrition', 'images/nat.png', NULL, '<Coach>\r\n    <ID>18</ID>\r\n    <Nom>Céleri</Nom>\r\n    <Prenom>Nathalie</Prenom>\r\n    <Specialite>Nutrition</Specialite>\r\n    <Photo>nat.png</Photo>\r\n    <Video>None</Video>\r\n    <Telephone>01 30 33 16 16</Telephone>\r\n    <Email>nat.celeri@edu.ece.fr</Email>\r\n    <CV>Formation: Diplôme en diététique et nutrition. Expériences: Diététicienne depuis 10 ans. Autres: Spécialisée en nutrition sportive et gestion de poids.</CV>\r\n</Coach>');

-- --------------------------------------------------------

--
-- Structure de la table `coachs_services`
--

DROP TABLE IF EXISTS `coachs_services`;
CREATE TABLE IF NOT EXISTS `coachs_services` (
  `id_coach_service` int NOT NULL AUTO_INCREMENT,
  `id_coach` int DEFAULT NULL,
  `id_service` int DEFAULT NULL,
  PRIMARY KEY (`id_coach_service`),
  KEY `id_coach` (`id_coach`),
  KEY `id_service` (`id_service`)
) ENGINE=MyISAM DEFAULT CHARSET=utf8mb4 COLLATE=utf8mb4_0900_ai_ci;

-- --------------------------------------------------------

--
-- Structure de la table `creneaux`
--

DROP TABLE IF EXISTS `creneaux`;
CREATE TABLE IF NOT EXISTS `creneaux` (
  `id_creneau` int NOT NULL AUTO_INCREMENT,
  `jour_semaine` enum('Lundi','Mardi','Mercredi','Jeudi','Vendredi','Samedi') DEFAULT NULL,
  `heure_debut` time DEFAULT NULL,
  `heure_fin` time DEFAULT NULL,
  PRIMARY KEY (`id_creneau`)
) ENGINE=MyISAM AUTO_INCREMENT=145 DEFAULT CHARSET=utf8mb4 COLLATE=utf8mb4_0900_ai_ci;

--
-- Déchargement des données de la table `creneaux`
--

INSERT INTO `creneaux` (`id_creneau`, `jour_semaine`, `heure_debut`, `heure_fin`) VALUES
(1, 'Lundi', '08:00:00', '08:30:00'),
(2, 'Lundi', '08:30:00', '09:00:00'),
(3, 'Lundi', '09:00:00', '09:30:00'),
(4, 'Lundi', '09:30:00', '10:00:00'),
(5, 'Lundi', '10:00:00', '10:30:00'),
(6, 'Lundi', '10:30:00', '11:00:00'),
(7, 'Lundi', '11:00:00', '11:30:00'),
(8, 'Lundi', '11:30:00', '12:00:00'),
(9, 'Lundi', '12:00:00', '12:30:00'),
(10, 'Lundi', '12:30:00', '13:00:00'),
(11, 'Lundi', '13:00:00', '13:30:00'),
(12, 'Lundi', '13:30:00', '14:00:00'),
(13, 'Lundi', '14:00:00', '14:30:00'),
(14, 'Lundi', '14:30:00', '15:00:00'),
(15, 'Lundi', '15:00:00', '15:30:00'),
(16, 'Lundi', '15:30:00', '16:00:00'),
(17, 'Lundi', '16:00:00', '16:30:00'),
(18, 'Lundi', '16:30:00', '17:00:00'),
(19, 'Lundi', '17:00:00', '17:30:00'),
(20, 'Lundi', '17:30:00', '18:00:00'),
(21, 'Lundi', '18:00:00', '18:30:00'),
(22, 'Lundi', '18:30:00', '19:00:00'),
(23, 'Lundi', '19:00:00', '19:30:00'),
(24, 'Lundi', '19:30:00', '20:00:00'),
(25, 'Mardi', '08:00:00', '08:30:00'),
(26, 'Mardi', '08:30:00', '09:00:00'),
(27, 'Mardi', '09:00:00', '09:30:00'),
(28, 'Mardi', '09:30:00', '10:00:00'),
(29, 'Mardi', '10:00:00', '10:30:00'),
(30, 'Mardi', '10:30:00', '11:00:00'),
(31, 'Mardi', '11:00:00', '11:30:00'),
(32, 'Mardi', '11:30:00', '12:00:00'),
(33, 'Mardi', '12:00:00', '12:30:00'),
(34, 'Mardi', '12:30:00', '13:00:00'),
(35, 'Mardi', '13:00:00', '13:30:00'),
(36, 'Mardi', '13:30:00', '14:00:00'),
(37, 'Mardi', '14:00:00', '14:30:00'),
(38, 'Mardi', '14:30:00', '15:00:00'),
(39, 'Mardi', '15:00:00', '15:30:00'),
(40, 'Mardi', '15:30:00', '16:00:00'),
(41, 'Mardi', '16:00:00', '16:30:00'),
(42, 'Mardi', '16:30:00', '17:00:00'),
(43, 'Mardi', '17:00:00', '17:30:00'),
(44, 'Mardi', '17:30:00', '18:00:00'),
(45, 'Mardi', '18:00:00', '18:30:00'),
(46, 'Mardi', '18:30:00', '19:00:00'),
(47, 'Mardi', '19:00:00', '19:30:00'),
(48, 'Mardi', '19:30:00', '20:00:00'),
(49, 'Mercredi', '08:00:00', '08:30:00'),
(50, 'Mercredi', '08:30:00', '09:00:00'),
(51, 'Mercredi', '09:00:00', '09:30:00'),
(52, 'Mercredi', '09:30:00', '10:00:00'),
(53, 'Mercredi', '10:00:00', '10:30:00'),
(54, 'Mercredi', '10:30:00', '11:00:00'),
(55, 'Mercredi', '11:00:00', '11:30:00'),
(56, 'Mercredi', '11:30:00', '12:00:00'),
(57, 'Mercredi', '12:00:00', '12:30:00'),
(58, 'Mercredi', '12:30:00', '13:00:00'),
(59, 'Mercredi', '13:00:00', '13:30:00'),
(60, 'Mercredi', '13:30:00', '14:00:00'),
(61, 'Mercredi', '14:00:00', '14:30:00'),
(62, 'Mercredi', '14:30:00', '15:00:00'),
(63, 'Mercredi', '15:00:00', '15:30:00'),
(64, 'Mercredi', '15:30:00', '16:00:00'),
(65, 'Mercredi', '16:00:00', '16:30:00'),
(66, 'Mercredi', '16:30:00', '17:00:00'),
(67, 'Mercredi', '17:00:00', '17:30:00'),
(68, 'Mercredi', '17:30:00', '18:00:00'),
(69, 'Mercredi', '18:00:00', '18:30:00'),
(70, 'Mercredi', '18:30:00', '19:00:00'),
(71, 'Mercredi', '19:00:00', '19:30:00'),
(72, 'Mercredi', '19:30:00', '20:00:00'),
(73, 'Jeudi', '08:00:00', '08:30:00'),
(74, 'Jeudi', '08:30:00', '09:00:00'),
(75, 'Jeudi', '09:00:00', '09:30:00'),
(76, 'Jeudi', '09:30:00', '10:00:00'),
(77, 'Jeudi', '10:00:00', '10:30:00'),
(78, 'Jeudi', '10:30:00', '11:00:00'),
(79, 'Jeudi', '11:00:00', '11:30:00'),
(80, 'Jeudi', '11:30:00', '12:00:00'),
(81, 'Jeudi', '12:00:00', '12:30:00'),
(82, 'Jeudi', '12:30:00', '13:00:00'),
(83, 'Jeudi', '13:00:00', '13:30:00'),
(84, 'Jeudi', '13:30:00', '14:00:00'),
(85, 'Jeudi', '14:00:00', '14:30:00'),
(86, 'Jeudi', '14:30:00', '15:00:00'),
(87, 'Jeudi', '15:00:00', '15:30:00'),
(88, 'Jeudi', '15:30:00', '16:00:00'),
(89, 'Jeudi', '16:00:00', '16:30:00'),
(90, 'Jeudi', '16:30:00', '17:00:00'),
(91, 'Jeudi', '17:00:00', '17:30:00'),
(92, 'Jeudi', '17:30:00', '18:00:00'),
(93, 'Jeudi', '18:00:00', '18:30:00'),
(94, 'Jeudi', '18:30:00', '19:00:00'),
(95, 'Jeudi', '19:00:00', '19:30:00'),
(96, 'Jeudi', '19:30:00', '20:00:00'),
(97, 'Vendredi', '08:00:00', '08:30:00'),
(98, 'Vendredi', '08:30:00', '09:00:00'),
(99, 'Vendredi', '09:00:00', '09:30:00'),
(100, 'Vendredi', '09:30:00', '10:00:00'),
(101, 'Vendredi', '10:00:00', '10:30:00'),
(102, 'Vendredi', '10:30:00', '11:00:00'),
(103, 'Vendredi', '11:00:00', '11:30:00'),
(104, 'Vendredi', '11:30:00', '12:00:00'),
(105, 'Vendredi', '12:00:00', '12:30:00'),
(106, 'Vendredi', '12:30:00', '13:00:00'),
(107, 'Vendredi', '13:00:00', '13:30:00'),
(108, 'Vendredi', '13:30:00', '14:00:00'),
(109, 'Vendredi', '14:00:00', '14:30:00'),
(110, 'Vendredi', '14:30:00', '15:00:00'),
(111, 'Vendredi', '15:00:00', '15:30:00'),
(112, 'Vendredi', '15:30:00', '16:00:00'),
(113, 'Vendredi', '16:00:00', '16:30:00'),
(114, 'Vendredi', '16:30:00', '17:00:00'),
(115, 'Vendredi', '17:00:00', '17:30:00'),
(116, 'Vendredi', '17:30:00', '18:00:00'),
(117, 'Vendredi', '18:00:00', '18:30:00'),
(118, 'Vendredi', '18:30:00', '19:00:00'),
(119, 'Vendredi', '19:00:00', '19:30:00'),
(120, 'Vendredi', '19:30:00', '20:00:00'),
(121, 'Samedi', '08:00:00', '08:30:00'),
(122, 'Samedi', '08:30:00', '09:00:00'),
(123, 'Samedi', '09:00:00', '09:30:00'),
(124, 'Samedi', '09:30:00', '10:00:00'),
(125, 'Samedi', '10:00:00', '10:30:00'),
(126, 'Samedi', '10:30:00', '11:00:00'),
(127, 'Samedi', '11:00:00', '11:30:00'),
(128, 'Samedi', '11:30:00', '12:00:00'),
(129, 'Samedi', '12:00:00', '12:30:00'),
(130, 'Samedi', '12:30:00', '13:00:00'),
(131, 'Samedi', '13:00:00', '13:30:00'),
(132, 'Samedi', '13:30:00', '14:00:00'),
(133, 'Samedi', '14:00:00', '14:30:00'),
(134, 'Samedi', '14:30:00', '15:00:00'),
(135, 'Samedi', '15:00:00', '15:30:00'),
(136, 'Samedi', '15:30:00', '16:00:00'),
(137, 'Samedi', '16:00:00', '16:30:00'),
(138, 'Samedi', '16:30:00', '17:00:00'),
(139, 'Samedi', '17:00:00', '17:30:00'),
(140, 'Samedi', '17:30:00', '18:00:00'),
(141, 'Samedi', '18:00:00', '18:30:00'),
(142, 'Samedi', '18:30:00', '19:00:00'),
(143, 'Samedi', '19:00:00', '19:30:00'),
(144, 'Samedi', '19:30:00', '20:00:00');

-- --------------------------------------------------------

--
-- Structure de la table `disponibilites_coachs`
--

DROP TABLE IF EXISTS `disponibilites_coachs`;
CREATE TABLE IF NOT EXISTS `disponibilites_coachs` (
  `id_disponibilite` int NOT NULL AUTO_INCREMENT,
  `id_coach` int DEFAULT NULL,
  `id_creneau` int DEFAULT NULL,
  `disponible` tinyint(1) DEFAULT '1',
  PRIMARY KEY (`id_disponibilite`),
  KEY `id_coach` (`id_coach`),
  KEY `id_creneau` (`id_creneau`)
) ENGINE=MyISAM AUTO_INCREMENT=1729 DEFAULT CHARSET=utf8mb4 COLLATE=utf8mb4_0900_ai_ci;

--
-- Déchargement des données de la table `disponibilites_coachs`
--

INSERT INTO `disponibilites_coachs` (`id_disponibilite`, `id_coach`, `id_creneau`, `disponible`) VALUES
(1, 12, 1, 1),
(2, 11, 1, 1),
(3, 10, 1, 1),
(4, 9, 1, 0),
(5, 8, 1, 1),
(6, 7, 1, 0),
(7, 6, 1, 1),
(8, 5, 1, 1),
(9, 4, 1, 1),
(10, 3, 1, 1),
(11, 2, 1, 1),
(12, 1, 1, 0),
(13, 12, 2, 1),
(14, 11, 2, 1),
(15, 10, 2, 1),
(16, 9, 2, 0),
(17, 8, 2, 1),
(18, 7, 2, 0),
(19, 6, 2, 1),
(20, 5, 2, 1),
(21, 4, 2, 1),
(22, 3, 2, 1),
(23, 2, 2, 1),
(24, 1, 2, 0),
(25, 12, 3, 1),
(26, 11, 3, 1),
(27, 10, 3, 1),
(28, 9, 3, 0),
(29, 8, 3, 1),
(30, 7, 3, 0),
(31, 6, 3, 1),
(32, 5, 3, 1),
(33, 4, 3, 1),
(34, 3, 3, 1),
(35, 2, 3, 1),
(36, 1, 3, 0),
(37, 12, 4, 1),
(38, 11, 4, 1),
(39, 10, 4, 1),
(40, 9, 4, 0),
(41, 8, 4, 1),
(42, 7, 4, 0),
(43, 6, 4, 1),
(44, 5, 4, 1),
(45, 4, 4, 1),
(46, 3, 4, 1),
(47, 2, 4, 1),
(48, 1, 4, 0),
(49, 12, 5, 1),
(50, 11, 5, 1),
(51, 10, 5, 1),
(52, 9, 5, 0),
(53, 8, 5, 1),
(54, 7, 5, 0),
(55, 6, 5, 1),
(56, 5, 5, 1),
(57, 4, 5, 1),
(58, 3, 5, 1),
(59, 2, 5, 1),
(60, 1, 5, 0),
(61, 12, 6, 1),
(62, 11, 6, 1),
(63, 10, 6, 1),
(64, 9, 6, 0),
(65, 8, 6, 1),
(66, 7, 6, 0),
(67, 6, 6, 1),
(68, 5, 6, 1),
(69, 4, 6, 1),
(70, 3, 6, 1),
(71, 2, 6, 1),
(72, 1, 6, 0),
(73, 12, 7, 1),
(74, 11, 7, 1),
(75, 10, 7, 1),
(76, 9, 7, 0),
(77, 8, 7, 1),
(78, 7, 7, 0),
(79, 6, 7, 1),
(80, 5, 7, 1),
(81, 4, 7, 1),
(82, 3, 7, 1),
(83, 2, 7, 1),
(84, 1, 7, 0),
(85, 12, 8, 1),
(86, 11, 8, 1),
(87, 10, 8, 1),
(88, 9, 8, 0),
(89, 8, 8, 1),
(90, 7, 8, 0),
(91, 6, 8, 1),
(92, 5, 8, 1),
(93, 4, 8, 1),
(94, 3, 8, 1),
(95, 2, 8, 1),
(96, 1, 8, 0),
(97, 12, 9, 1),
(98, 11, 9, 1),
(99, 10, 9, 1),
(100, 9, 9, 0),
(101, 8, 9, 1),
(102, 7, 9, 0),
(103, 6, 9, 1),
(104, 5, 9, 1),
(105, 4, 9, 1),
(106, 3, 9, 1),
(107, 2, 9, 1),
(108, 1, 9, 0),
(109, 12, 10, 1),
(110, 11, 10, 1),
(111, 10, 10, 1),
(112, 9, 10, 0),
(113, 8, 10, 1),
(114, 7, 10, 0),
(115, 6, 10, 1),
(116, 5, 10, 1),
(117, 4, 10, 1),
(118, 3, 10, 1),
(119, 2, 10, 1),
(120, 1, 10, 0),
(121, 12, 11, 1),
(122, 11, 11, 1),
(123, 10, 11, 1),
(124, 9, 11, 0),
(125, 8, 11, 1),
(126, 7, 11, 0),
(127, 6, 11, 1),
(128, 5, 11, 1),
(129, 4, 11, 1),
(130, 3, 11, 1),
(131, 2, 11, 1),
(132, 1, 11, 0),
(133, 12, 12, 1),
(134, 11, 12, 1),
(135, 10, 12, 1),
(136, 9, 12, 0),
(137, 8, 12, 1),
(138, 7, 12, 0),
(139, 6, 12, 1),
(140, 5, 12, 1),
(141, 4, 12, 1),
(142, 3, 12, 1),
(143, 2, 12, 1),
(144, 1, 12, 0),
(145, 12, 13, 1),
(146, 11, 13, 0),
(147, 10, 13, 1),
(148, 9, 13, 1),
(149, 8, 13, 0),
(150, 7, 13, 1),
(151, 6, 13, 1),
(152, 5, 13, 0),
(153, 4, 13, 1),
(154, 3, 13, 1),
(155, 2, 13, 1),
(156, 1, 13, 1),
(157, 12, 14, 1),
(158, 11, 14, 0),
(159, 10, 14, 1),
(160, 9, 14, 1),
(161, 8, 14, 0),
(162, 7, 14, 1),
(163, 6, 14, 1),
(164, 5, 14, 0),
(165, 4, 14, 1),
(166, 3, 14, 1),
(167, 2, 14, 1),
(168, 1, 14, 1),
(169, 12, 15, 1),
(170, 11, 15, 0),
(171, 10, 15, 1),
(172, 9, 15, 1),
(173, 8, 15, 0),
(174, 7, 15, 1),
(175, 6, 15, 1),
(176, 5, 15, 0),
(177, 4, 15, 1),
(178, 3, 15, 1),
(179, 2, 15, 1),
(180, 1, 15, 1),
(181, 12, 16, 1),
(182, 11, 16, 0),
(183, 10, 16, 1),
(184, 9, 16, 1),
(185, 8, 16, 0),
(186, 7, 16, 1),
(187, 6, 16, 1),
(188, 5, 16, 0),
(189, 4, 16, 1),
(190, 3, 16, 1),
(191, 2, 16, 1),
(192, 1, 16, 1),
(193, 12, 17, 1),
(194, 11, 17, 0),
(195, 10, 17, 1),
(196, 9, 17, 1),
(197, 8, 17, 0),
(198, 7, 17, 1),
(199, 6, 17, 1),
(200, 5, 17, 0),
(201, 4, 17, 1),
(202, 3, 17, 1),
(203, 2, 17, 1),
(204, 1, 17, 1),
(205, 12, 18, 1),
(206, 11, 18, 0),
(207, 10, 18, 1),
(208, 9, 18, 1),
(209, 8, 18, 0),
(210, 7, 18, 1),
(211, 6, 18, 1),
(212, 5, 18, 0),
(213, 4, 18, 1),
(214, 3, 18, 1),
(215, 2, 18, 1),
(216, 1, 18, 1),
(217, 12, 19, 1),
(218, 11, 19, 0),
(219, 10, 19, 1),
(220, 9, 19, 1),
(221, 8, 19, 0),
(222, 7, 19, 1),
(223, 6, 19, 1),
(224, 5, 19, 0),
(225, 4, 19, 1),
(226, 3, 19, 1),
(227, 2, 19, 1),
(228, 1, 19, 1),
(229, 12, 20, 1),
(230, 11, 20, 0),
(231, 10, 20, 1),
(232, 9, 20, 1),
(233, 8, 20, 0),
(234, 7, 20, 1),
(235, 6, 20, 1),
(236, 5, 20, 0),
(237, 4, 20, 1),
(238, 3, 20, 1),
(239, 2, 20, 1),
(240, 1, 20, 1),
(241, 12, 21, 1),
(242, 11, 21, 0),
(243, 10, 21, 1),
(244, 9, 21, 1),
(245, 8, 21, 0),
(246, 7, 21, 1),
(247, 6, 21, 1),
(248, 5, 21, 0),
(249, 4, 21, 1),
(250, 3, 21, 1),
(251, 2, 21, 1),
(252, 1, 21, 1),
(253, 12, 22, 1),
(254, 11, 22, 0),
(255, 10, 22, 1),
(256, 9, 22, 1),
(257, 8, 22, 0),
(258, 7, 22, 1),
(259, 6, 22, 1),
(260, 5, 22, 0),
(261, 4, 22, 1),
(262, 3, 22, 1),
(263, 2, 22, 1),
(264, 1, 22, 1),
(265, 12, 23, 1),
(266, 11, 23, 0),
(267, 10, 23, 1),
(268, 9, 23, 1),
(269, 8, 23, 0),
(270, 7, 23, 1),
(271, 6, 23, 1),
(272, 5, 23, 0),
(273, 4, 23, 1),
(274, 3, 23, 1),
(275, 2, 23, 1),
(276, 1, 23, 1),
(277, 12, 24, 1),
(278, 11, 24, 0),
(279, 10, 24, 1),
(280, 9, 24, 1),
(281, 8, 24, 0),
(282, 7, 24, 1),
(283, 6, 24, 1),
(284, 5, 24, 0),
(285, 4, 24, 1),
(286, 3, 24, 1),
(287, 2, 24, 1),
(288, 1, 24, 1),
(289, 12, 25, 1),
(290, 11, 25, 1),
(291, 10, 25, 1),
(292, 9, 25, 1),
(293, 8, 25, 1),
(294, 7, 25, 1),
(295, 6, 25, 0),
(296, 5, 25, 1),
(297, 4, 25, 1),
(298, 3, 25, 1),
(299, 2, 25, 0),
(300, 1, 25, 1),
(301, 12, 26, 1),
(302, 11, 26, 1),
(303, 10, 26, 1),
(304, 9, 26, 1),
(305, 8, 26, 1),
(306, 7, 26, 1),
(307, 6, 26, 0),
(308, 5, 26, 1),
(309, 4, 26, 1),
(310, 3, 26, 1),
(311, 2, 26, 0),
(312, 1, 26, 1),
(313, 12, 27, 1),
(314, 11, 27, 1),
(315, 10, 27, 1),
(316, 9, 27, 1),
(317, 8, 27, 1),
(318, 7, 27, 1),
(319, 6, 27, 0),
(320, 5, 27, 1),
(321, 4, 27, 1),
(322, 3, 27, 1),
(323, 2, 27, 0),
(324, 1, 27, 1),
(325, 12, 28, 1),
(326, 11, 28, 1),
(327, 10, 28, 1),
(328, 9, 28, 1),
(329, 8, 28, 1),
(330, 7, 28, 1),
(331, 6, 28, 0),
(332, 5, 28, 1),
(333, 4, 28, 1),
(334, 3, 28, 1),
(335, 2, 28, 0),
(336, 1, 28, 1),
(337, 12, 29, 1),
(338, 11, 29, 1),
(339, 10, 29, 1),
(340, 9, 29, 1),
(341, 8, 29, 1),
(342, 7, 29, 1),
(343, 6, 29, 0),
(344, 5, 29, 1),
(345, 4, 29, 1),
(346, 3, 29, 1),
(347, 2, 29, 0),
(348, 1, 29, 1),
(349, 12, 30, 1),
(350, 11, 30, 1),
(351, 10, 30, 1),
(352, 9, 30, 1),
(353, 8, 30, 1),
(354, 7, 30, 1),
(355, 6, 30, 0),
(356, 5, 30, 1),
(357, 4, 30, 1),
(358, 3, 30, 1),
(359, 2, 30, 0),
(360, 1, 30, 1),
(361, 12, 31, 1),
(362, 11, 31, 1),
(363, 10, 31, 1),
(364, 9, 31, 1),
(365, 8, 31, 1),
(366, 7, 31, 1),
(367, 6, 31, 0),
(368, 5, 31, 1),
(369, 4, 31, 1),
(370, 3, 31, 1),
(371, 2, 31, 0),
(372, 1, 31, 1),
(373, 12, 32, 1),
(374, 11, 32, 1),
(375, 10, 32, 1),
(376, 9, 32, 1),
(377, 8, 32, 1),
(378, 7, 32, 1),
(379, 6, 32, 0),
(380, 5, 32, 1),
(381, 4, 32, 1),
(382, 3, 32, 1),
(383, 2, 32, 0),
(384, 1, 32, 1),
(385, 12, 33, 1),
(386, 11, 33, 1),
(387, 10, 33, 1),
(388, 9, 33, 1),
(389, 8, 33, 1),
(390, 7, 33, 1),
(391, 6, 33, 0),
(392, 5, 33, 1),
(393, 4, 33, 1),
(394, 3, 33, 1),
(395, 2, 33, 0),
(396, 1, 33, 1),
(397, 12, 34, 1),
(398, 11, 34, 1),
(399, 10, 34, 1),
(400, 9, 34, 1),
(401, 8, 34, 1),
(402, 7, 34, 1),
(403, 6, 34, 0),
(404, 5, 34, 1),
(405, 4, 34, 1),
(406, 3, 34, 1),
(407, 2, 34, 0),
(408, 1, 34, 1),
(409, 12, 35, 1),
(410, 11, 35, 1),
(411, 10, 35, 1),
(412, 9, 35, 1),
(413, 8, 35, 1),
(414, 7, 35, 1),
(415, 6, 35, 0),
(416, 5, 35, 1),
(417, 4, 35, 1),
(418, 3, 35, 1),
(419, 2, 35, 0),
(420, 1, 35, 1),
(421, 12, 36, 1),
(422, 11, 36, 1),
(423, 10, 36, 1),
(424, 9, 36, 1),
(425, 8, 36, 1),
(426, 7, 36, 1),
(427, 6, 36, 0),
(428, 5, 36, 1),
(429, 4, 36, 1),
(430, 3, 36, 1),
(431, 2, 36, 0),
(432, 1, 36, 1),
(433, 12, 37, 1),
(434, 11, 37, 0),
(435, 10, 37, 1),
(436, 9, 37, 1),
(437, 8, 37, 1),
(438, 7, 37, 1),
(439, 6, 37, 1),
(440, 5, 37, 0),
(441, 4, 37, 1),
(442, 3, 37, 0),
(443, 2, 37, 1),
(444, 1, 37, 1),
(445, 12, 38, 1),
(446, 11, 38, 0),
(447, 10, 38, 1),
(448, 9, 38, 1),
(449, 8, 38, 1),
(450, 7, 38, 1),
(451, 6, 38, 1),
(452, 5, 38, 0),
(453, 4, 38, 1),
(454, 3, 38, 0),
(455, 2, 38, 1),
(456, 1, 38, 1),
(457, 12, 39, 1),
(458, 11, 39, 0),
(459, 10, 39, 1),
(460, 9, 39, 1),
(461, 8, 39, 1),
(462, 7, 39, 1),
(463, 6, 39, 1),
(464, 5, 39, 0),
(465, 4, 39, 1),
(466, 3, 39, 0),
(467, 2, 39, 1),
(468, 1, 39, 1),
(469, 12, 40, 1),
(470, 11, 40, 0),
(471, 10, 40, 1),
(472, 9, 40, 1),
(473, 8, 40, 1),
(474, 7, 40, 1),
(475, 6, 40, 1),
(476, 5, 40, 0),
(477, 4, 40, 1),
(478, 3, 40, 0),
(479, 2, 40, 1),
(480, 1, 40, 1),
(481, 12, 41, 1),
(482, 11, 41, 0),
(483, 10, 41, 1),
(484, 9, 41, 1),
(485, 8, 41, 1),
(486, 7, 41, 1),
(487, 6, 41, 1),
(488, 5, 41, 0),
(489, 4, 41, 1),
(490, 3, 41, 0),
(491, 2, 41, 1),
(492, 1, 41, 1),
(493, 12, 42, 1),
(494, 11, 42, 0),
(495, 10, 42, 1),
(496, 9, 42, 1),
(497, 8, 42, 1),
(498, 7, 42, 1),
(499, 6, 42, 1),
(500, 5, 42, 0),
(501, 4, 42, 1),
(502, 3, 42, 0),
(503, 2, 42, 1),
(504, 1, 42, 1),
(505, 12, 43, 1),
(506, 11, 43, 0),
(507, 10, 43, 1),
(508, 9, 43, 1),
(509, 8, 43, 1),
(510, 7, 43, 1),
(511, 6, 43, 1),
(512, 5, 43, 0),
(513, 4, 43, 1),
(514, 3, 43, 0),
(515, 2, 43, 1),
(516, 1, 43, 1),
(517, 12, 44, 1),
(518, 11, 44, 0),
(519, 10, 44, 1),
(520, 9, 44, 1),
(521, 8, 44, 1),
(522, 7, 44, 1),
(523, 6, 44, 1),
(524, 5, 44, 0),
(525, 4, 44, 1),
(526, 3, 44, 0),
(527, 2, 44, 1),
(528, 1, 44, 1),
(529, 12, 45, 1),
(530, 11, 45, 0),
(531, 10, 45, 1),
(532, 9, 45, 1),
(533, 8, 45, 1),
(534, 7, 45, 1),
(535, 6, 45, 1),
(536, 5, 45, 0),
(537, 4, 45, 1),
(538, 3, 45, 0),
(539, 2, 45, 1),
(540, 1, 45, 1),
(541, 12, 46, 1),
(542, 11, 46, 0),
(543, 10, 46, 1),
(544, 9, 46, 1),
(545, 8, 46, 1),
(546, 7, 46, 1),
(547, 6, 46, 1),
(548, 5, 46, 0),
(549, 4, 46, 1),
(550, 3, 46, 0),
(551, 2, 46, 1),
(552, 1, 46, 1),
(553, 12, 47, 1),
(554, 11, 47, 0),
(555, 10, 47, 1),
(556, 9, 47, 1),
(557, 8, 47, 1),
(558, 7, 47, 1),
(559, 6, 47, 1),
(560, 5, 47, 0),
(561, 4, 47, 1),
(562, 3, 47, 0),
(563, 2, 47, 1),
(564, 1, 47, 1),
(565, 12, 48, 1),
(566, 11, 48, 0),
(567, 10, 48, 1),
(568, 9, 48, 1),
(569, 8, 48, 1),
(570, 7, 48, 1),
(571, 6, 48, 1),
(572, 5, 48, 0),
(573, 4, 48, 1),
(574, 3, 48, 0),
(575, 2, 48, 1),
(576, 1, 48, 1),
(577, 12, 49, 1),
(578, 11, 49, 1),
(579, 10, 49, 1),
(580, 9, 49, 1),
(581, 8, 49, 1),
(582, 7, 49, 1),
(583, 6, 49, 1),
(584, 5, 49, 1),
(585, 4, 49, 1),
(586, 3, 49, 1),
(587, 2, 49, 0),
(588, 1, 49, 1),
(589, 12, 50, 1),
(590, 11, 50, 1),
(591, 10, 50, 1),
(592, 9, 50, 1),
(593, 8, 50, 1),
(594, 7, 50, 1),
(595, 6, 50, 1),
(596, 5, 50, 1),
(597, 4, 50, 1),
(598, 3, 50, 1),
(599, 2, 50, 0),
(600, 1, 50, 1),
(601, 12, 51, 1),
(602, 11, 51, 1),
(603, 10, 51, 1),
(604, 9, 51, 1),
(605, 8, 51, 1),
(606, 7, 51, 1),
(607, 6, 51, 1),
(608, 5, 51, 1),
(609, 4, 51, 1),
(610, 3, 51, 1),
(611, 2, 51, 0),
(612, 1, 51, 1),
(613, 12, 52, 1),
(614, 11, 52, 1),
(615, 10, 52, 1),
(616, 9, 52, 1),
(617, 8, 52, 1),
(618, 7, 52, 1),
(619, 6, 52, 1),
(620, 5, 52, 1),
(621, 4, 52, 1),
(622, 3, 52, 1),
(623, 2, 52, 0),
(624, 1, 52, 1),
(625, 12, 53, 1),
(626, 11, 53, 1),
(627, 10, 53, 1),
(628, 9, 53, 1),
(629, 8, 53, 1),
(630, 7, 53, 1),
(631, 6, 53, 1),
(632, 5, 53, 1),
(633, 4, 53, 1),
(634, 3, 53, 1),
(635, 2, 53, 0),
(636, 1, 53, 1),
(637, 12, 54, 1),
(638, 11, 54, 1),
(639, 10, 54, 1),
(640, 9, 54, 1),
(641, 8, 54, 1),
(642, 7, 54, 1),
(643, 6, 54, 1),
(644, 5, 54, 1),
(645, 4, 54, 1),
(646, 3, 54, 1),
(647, 2, 54, 0),
(648, 1, 54, 1),
(649, 12, 55, 1),
(650, 11, 55, 1),
(651, 10, 55, 1),
(652, 9, 55, 1),
(653, 8, 55, 1),
(654, 7, 55, 1),
(655, 6, 55, 1),
(656, 5, 55, 1),
(657, 4, 55, 1),
(658, 3, 55, 1),
(659, 2, 55, 0),
(660, 1, 55, 1),
(661, 12, 56, 1),
(662, 11, 56, 1),
(663, 10, 56, 1),
(664, 9, 56, 1),
(665, 8, 56, 1),
(666, 7, 56, 1),
(667, 6, 56, 1),
(668, 5, 56, 1),
(669, 4, 56, 1),
(670, 3, 56, 1),
(671, 2, 56, 0),
(672, 1, 56, 1),
(673, 12, 57, 1),
(674, 11, 57, 1),
(675, 10, 57, 1),
(676, 9, 57, 1),
(677, 8, 57, 1),
(678, 7, 57, 1),
(679, 6, 57, 1),
(680, 5, 57, 1),
(681, 4, 57, 1),
(682, 3, 57, 1),
(683, 2, 57, 0),
(684, 1, 57, 1),
(685, 12, 58, 1),
(686, 11, 58, 1),
(687, 10, 58, 1),
(688, 9, 58, 1),
(689, 8, 58, 1),
(690, 7, 58, 1),
(691, 6, 58, 1),
(692, 5, 58, 1),
(693, 4, 58, 1),
(694, 3, 58, 1),
(695, 2, 58, 0),
(696, 1, 58, 1),
(697, 12, 59, 1),
(698, 11, 59, 1),
(699, 10, 59, 1),
(700, 9, 59, 1),
(701, 8, 59, 1),
(702, 7, 59, 1),
(703, 6, 59, 1),
(704, 5, 59, 1),
(705, 4, 59, 1),
(706, 3, 59, 1),
(707, 2, 59, 0),
(708, 1, 59, 1),
(709, 12, 60, 1),
(710, 11, 60, 1),
(711, 10, 60, 1),
(712, 9, 60, 1),
(713, 8, 60, 1),
(714, 7, 60, 1),
(715, 6, 60, 1),
(716, 5, 60, 1),
(717, 4, 60, 1),
(718, 3, 60, 1),
(719, 2, 60, 0),
(720, 1, 60, 1),
(721, 12, 61, 1),
(722, 11, 61, 1),
(723, 10, 61, 1),
(724, 9, 61, 1),
(725, 8, 61, 1),
(726, 7, 61, 1),
(727, 6, 61, 1),
(728, 5, 61, 1),
(729, 4, 61, 1),
(730, 3, 61, 1),
(731, 2, 61, 1),
(732, 1, 61, 1),
(733, 12, 62, 1),
(734, 11, 62, 1),
(735, 10, 62, 1),
(736, 9, 62, 1),
(737, 8, 62, 1),
(738, 7, 62, 1),
(739, 6, 62, 1),
(740, 5, 62, 1),
(741, 4, 62, 1),
(742, 3, 62, 1),
(743, 2, 62, 1),
(744, 1, 62, 1),
(745, 12, 63, 1),
(746, 11, 63, 1),
(747, 10, 63, 1),
(748, 9, 63, 1),
(749, 8, 63, 1),
(750, 7, 63, 1),
(751, 6, 63, 1),
(752, 5, 63, 1),
(753, 4, 63, 1),
(754, 3, 63, 1),
(755, 2, 63, 1),
(756, 1, 63, 1),
(757, 12, 64, 1),
(758, 11, 64, 1),
(759, 10, 64, 1),
(760, 9, 64, 1),
(761, 8, 64, 1),
(762, 7, 64, 1),
(763, 6, 64, 1),
(764, 5, 64, 1),
(765, 4, 64, 1),
(766, 3, 64, 1),
(767, 2, 64, 1),
(768, 1, 64, 1),
(769, 12, 65, 1),
(770, 11, 65, 1),
(771, 10, 65, 1),
(772, 9, 65, 1),
(773, 8, 65, 1),
(774, 7, 65, 1),
(775, 6, 65, 1),
(776, 5, 65, 1),
(777, 4, 65, 1),
(778, 3, 65, 1),
(779, 2, 65, 1),
(780, 1, 65, 1),
(781, 12, 66, 1),
(782, 11, 66, 1),
(783, 10, 66, 1),
(784, 9, 66, 1),
(785, 8, 66, 1),
(786, 7, 66, 1),
(787, 6, 66, 1),
(788, 5, 66, 1),
(789, 4, 66, 1),
(790, 3, 66, 1),
(791, 2, 66, 1),
(792, 1, 66, 1),
(793, 12, 67, 1),
(794, 11, 67, 1),
(795, 10, 67, 1),
(796, 9, 67, 1),
(797, 8, 67, 1),
(798, 7, 67, 1),
(799, 6, 67, 1),
(800, 5, 67, 1),
(801, 4, 67, 1),
(802, 3, 67, 1),
(803, 2, 67, 1),
(804, 1, 67, 1),
(805, 12, 68, 1),
(806, 11, 68, 1),
(807, 10, 68, 1),
(808, 9, 68, 1),
(809, 8, 68, 1),
(810, 7, 68, 1),
(811, 6, 68, 1),
(812, 5, 68, 1),
(813, 4, 68, 1),
(814, 3, 68, 1),
(815, 2, 68, 1),
(816, 1, 68, 1),
(817, 12, 69, 1),
(818, 11, 69, 1),
(819, 10, 69, 1),
(820, 9, 69, 1),
(821, 8, 69, 1),
(822, 7, 69, 1),
(823, 6, 69, 1),
(824, 5, 69, 1),
(825, 4, 69, 1),
(826, 3, 69, 1),
(827, 2, 69, 1),
(828, 1, 69, 1),
(829, 12, 70, 1),
(830, 11, 70, 1),
(831, 10, 70, 1),
(832, 9, 70, 1),
(833, 8, 70, 1),
(834, 7, 70, 1),
(835, 6, 70, 1),
(836, 5, 70, 1),
(837, 4, 70, 1),
(838, 3, 70, 1),
(839, 2, 70, 1),
(840, 1, 70, 1),
(841, 12, 71, 1),
(842, 11, 71, 1),
(843, 10, 71, 1),
(844, 9, 71, 1),
(845, 8, 71, 1),
(846, 7, 71, 1),
(847, 6, 71, 1),
(848, 5, 71, 1),
(849, 4, 71, 1),
(850, 3, 71, 1),
(851, 2, 71, 1),
(852, 1, 71, 1),
(853, 12, 72, 1),
(854, 11, 72, 1),
(855, 10, 72, 1),
(856, 9, 72, 1),
(857, 8, 72, 1),
(858, 7, 72, 1),
(859, 6, 72, 1),
(860, 5, 72, 1),
(861, 4, 72, 1),
(862, 3, 72, 1),
(863, 2, 72, 1),
(864, 1, 72, 1),
(865, 12, 73, 1),
(866, 11, 73, 1),
(867, 10, 73, 1),
(868, 9, 73, 0),
(869, 8, 73, 1),
(870, 7, 73, 1),
(871, 6, 73, 1),
(872, 5, 73, 1),
(873, 4, 73, 1),
(874, 3, 73, 1),
(875, 2, 73, 0),
(876, 1, 73, 1),
(877, 12, 74, 1),
(878, 11, 74, 1),
(879, 10, 74, 1),
(880, 9, 74, 0),
(881, 8, 74, 1),
(882, 7, 74, 1),
(883, 6, 74, 1),
(884, 5, 74, 1),
(885, 4, 74, 1),
(886, 3, 74, 1),
(887, 2, 74, 0),
(888, 1, 74, 1),
(889, 12, 75, 1),
(890, 11, 75, 1),
(891, 10, 75, 1),
(892, 9, 75, 0),
(893, 8, 75, 1),
(894, 7, 75, 1),
(895, 6, 75, 1),
(896, 5, 75, 1),
(897, 4, 75, 1),
(898, 3, 75, 1),
(899, 2, 75, 0),
(900, 1, 75, 1),
(901, 12, 76, 1),
(902, 11, 76, 1),
(903, 10, 76, 1),
(904, 9, 76, 0),
(905, 8, 76, 1),
(906, 7, 76, 1),
(907, 6, 76, 1),
(908, 5, 76, 1),
(909, 4, 76, 1),
(910, 3, 76, 1),
(911, 2, 76, 0),
(912, 1, 76, 1),
(913, 12, 77, 1),
(914, 11, 77, 1),
(915, 10, 77, 1),
(916, 9, 77, 0),
(917, 8, 77, 1),
(918, 7, 77, 1),
(919, 6, 77, 1),
(920, 5, 77, 1),
(921, 4, 77, 1),
(922, 3, 77, 1),
(923, 2, 77, 0),
(924, 1, 77, 1),
(925, 12, 78, 1),
(926, 11, 78, 1),
(927, 10, 78, 1),
(928, 9, 78, 0),
(929, 8, 78, 1),
(930, 7, 78, 1),
(931, 6, 78, 1),
(932, 5, 78, 1),
(933, 4, 78, 1),
(934, 3, 78, 1),
(935, 2, 78, 0),
(936, 1, 78, 1),
(937, 12, 79, 1),
(938, 11, 79, 1),
(939, 10, 79, 1),
(940, 9, 79, 0),
(941, 8, 79, 1),
(942, 7, 79, 1),
(943, 6, 79, 1),
(944, 5, 79, 1),
(945, 4, 79, 1),
(946, 3, 79, 1),
(947, 2, 79, 0),
(948, 1, 79, 1),
(949, 12, 80, 1),
(950, 11, 80, 1),
(951, 10, 80, 1),
(952, 9, 80, 0),
(953, 8, 80, 1),
(954, 7, 80, 1),
(955, 6, 80, 1),
(956, 5, 80, 1),
(957, 4, 80, 1),
(958, 3, 80, 1),
(959, 2, 80, 0),
(960, 1, 80, 1),
(961, 12, 81, 1),
(962, 11, 81, 1),
(963, 10, 81, 1),
(964, 9, 81, 0),
(965, 8, 81, 1),
(966, 7, 81, 1),
(967, 6, 81, 1),
(968, 5, 81, 1),
(969, 4, 81, 1),
(970, 3, 81, 1),
(971, 2, 81, 0),
(972, 1, 81, 1),
(973, 12, 82, 1),
(974, 11, 82, 1),
(975, 10, 82, 1),
(976, 9, 82, 0),
(977, 8, 82, 1),
(978, 7, 82, 1),
(979, 6, 82, 1),
(980, 5, 82, 1),
(981, 4, 82, 1),
(982, 3, 82, 1),
(983, 2, 82, 0),
(984, 1, 82, 1),
(985, 12, 83, 1),
(986, 11, 83, 1),
(987, 10, 83, 1),
(988, 9, 83, 0),
(989, 8, 83, 1),
(990, 7, 83, 1),
(991, 6, 83, 1),
(992, 5, 83, 1),
(993, 4, 83, 1),
(994, 3, 83, 1),
(995, 2, 83, 0),
(996, 1, 83, 1),
(997, 12, 84, 1),
(998, 11, 84, 1),
(999, 10, 84, 1),
(1000, 9, 84, 0),
(1001, 8, 84, 1),
(1002, 7, 84, 1),
(1003, 6, 84, 1),
(1004, 5, 84, 1),
(1005, 4, 84, 1),
(1006, 3, 84, 1),
(1007, 2, 84, 0),
(1008, 1, 84, 1),
(1009, 12, 85, 1),
(1010, 11, 85, 1),
(1011, 10, 85, 1),
(1012, 9, 85, 1),
(1013, 8, 85, 0),
(1014, 7, 85, 1),
(1015, 6, 85, 1),
(1016, 5, 85, 1),
(1017, 4, 85, 0),
(1018, 3, 85, 0),
(1019, 2, 85, 1),
(1020, 1, 85, 0),
(1021, 12, 86, 1),
(1022, 11, 86, 1),
(1023, 10, 86, 1),
(1024, 9, 86, 1),
(1025, 8, 86, 0),
(1026, 7, 86, 1),
(1027, 6, 86, 1),
(1028, 5, 86, 1),
(1029, 4, 86, 0),
(1030, 3, 86, 0),
(1031, 2, 86, 1),
(1032, 1, 86, 0),
(1033, 12, 87, 1),
(1034, 11, 87, 1),
(1035, 10, 87, 1),
(1036, 9, 87, 1),
(1037, 8, 87, 0),
(1038, 7, 87, 1),
(1039, 6, 87, 1),
(1040, 5, 87, 1),
(1041, 4, 87, 0),
(1042, 3, 87, 0),
(1043, 2, 87, 1),
(1044, 1, 87, 0),
(1045, 12, 88, 1),
(1046, 11, 88, 1),
(1047, 10, 88, 1),
(1048, 9, 88, 1),
(1049, 8, 88, 0),
(1050, 7, 88, 1),
(1051, 6, 88, 1),
(1052, 5, 88, 1),
(1053, 4, 88, 0),
(1054, 3, 88, 0),
(1055, 2, 88, 1),
(1056, 1, 88, 0),
(1057, 12, 89, 1),
(1058, 11, 89, 1),
(1059, 10, 89, 1),
(1060, 9, 89, 1),
(1061, 8, 89, 0),
(1062, 7, 89, 1),
(1063, 6, 89, 1),
(1064, 5, 89, 1),
(1065, 4, 89, 0),
(1066, 3, 89, 0),
(1067, 2, 89, 1),
(1068, 1, 89, 0),
(1069, 12, 90, 1),
(1070, 11, 90, 1),
(1071, 10, 90, 1),
(1072, 9, 90, 1),
(1073, 8, 90, 0),
(1074, 7, 90, 1),
(1075, 6, 90, 1),
(1076, 5, 90, 1),
(1077, 4, 90, 0),
(1078, 3, 90, 0),
(1079, 2, 90, 1),
(1080, 1, 90, 0),
(1081, 12, 91, 1),
(1082, 11, 91, 1),
(1083, 10, 91, 1),
(1084, 9, 91, 1),
(1085, 8, 91, 0),
(1086, 7, 91, 1),
(1087, 6, 91, 1),
(1088, 5, 91, 1),
(1089, 4, 91, 0),
(1090, 3, 91, 0),
(1091, 2, 91, 1),
(1092, 1, 91, 0),
(1093, 12, 92, 1),
(1094, 11, 92, 1),
(1095, 10, 92, 1),
(1096, 9, 92, 1),
(1097, 8, 92, 0),
(1098, 7, 92, 1),
(1099, 6, 92, 1),
(1100, 5, 92, 1),
(1101, 4, 92, 0),
(1102, 3, 92, 0),
(1103, 2, 92, 1),
(1104, 1, 92, 0),
(1105, 12, 93, 1),
(1106, 11, 93, 1),
(1107, 10, 93, 1),
(1108, 9, 93, 1),
(1109, 8, 93, 0),
(1110, 7, 93, 1),
(1111, 6, 93, 1),
(1112, 5, 93, 1),
(1113, 4, 93, 0),
(1114, 3, 93, 0),
(1115, 2, 93, 1),
(1116, 1, 93, 0),
(1117, 12, 94, 1),
(1118, 11, 94, 1),
(1119, 10, 94, 1),
(1120, 9, 94, 1),
(1121, 8, 94, 0),
(1122, 7, 94, 1),
(1123, 6, 94, 1),
(1124, 5, 94, 1),
(1125, 4, 94, 0),
(1126, 3, 94, 0),
(1127, 2, 94, 1),
(1128, 1, 94, 0),
(1129, 12, 95, 1),
(1130, 11, 95, 1),
(1131, 10, 95, 1),
(1132, 9, 95, 1),
(1133, 8, 95, 0),
(1134, 7, 95, 1),
(1135, 6, 95, 1),
(1136, 5, 95, 1),
(1137, 4, 95, 0),
(1138, 3, 95, 0),
(1139, 2, 95, 1),
(1140, 1, 95, 0),
(1141, 12, 96, 1),
(1142, 11, 96, 1),
(1143, 10, 96, 1),
(1144, 9, 96, 1),
(1145, 8, 96, 0),
(1146, 7, 96, 1),
(1147, 6, 96, 1),
(1148, 5, 96, 1),
(1149, 4, 96, 0),
(1150, 3, 96, 0),
(1151, 2, 96, 1),
(1152, 1, 96, 0),
(1153, 12, 97, 1),
(1154, 11, 97, 1),
(1155, 10, 97, 1),
(1156, 9, 97, 1),
(1157, 8, 97, 1),
(1158, 7, 97, 0),
(1159, 6, 97, 0),
(1160, 5, 97, 1),
(1161, 4, 97, 1),
(1162, 3, 97, 1),
(1163, 2, 97, 1),
(1164, 1, 97, 1),
(1165, 12, 98, 1),
(1166, 11, 98, 1),
(1167, 10, 98, 1),
(1168, 9, 98, 1),
(1169, 8, 98, 1),
(1170, 7, 98, 0),
(1171, 6, 98, 0),
(1172, 5, 98, 1),
(1173, 4, 98, 1),
(1174, 3, 98, 1),
(1175, 2, 98, 1),
(1176, 1, 98, 1),
(1177, 12, 99, 1),
(1178, 11, 99, 1),
(1179, 10, 99, 1),
(1180, 9, 99, 1),
(1181, 8, 99, 1),
(1182, 7, 99, 0),
(1183, 6, 99, 0),
(1184, 5, 99, 1),
(1185, 4, 99, 1),
(1186, 3, 99, 1),
(1187, 2, 99, 1),
(1188, 1, 99, 1),
(1189, 12, 100, 1),
(1190, 11, 100, 1),
(1191, 10, 100, 1),
(1192, 9, 100, 1),
(1193, 8, 100, 1),
(1194, 7, 100, 0),
(1195, 6, 100, 0),
(1196, 5, 100, 1),
(1197, 4, 100, 1),
(1198, 3, 100, 1),
(1199, 2, 100, 1),
(1200, 1, 100, 1),
(1201, 12, 101, 1),
(1202, 11, 101, 1),
(1203, 10, 101, 1),
(1204, 9, 101, 1),
(1205, 8, 101, 1),
(1206, 7, 101, 0),
(1207, 6, 101, 0),
(1208, 5, 101, 1),
(1209, 4, 101, 1),
(1210, 3, 101, 1),
(1211, 2, 101, 1),
(1212, 1, 101, 1),
(1213, 12, 102, 1),
(1214, 11, 102, 1),
(1215, 10, 102, 1),
(1216, 9, 102, 1),
(1217, 8, 102, 1),
(1218, 7, 102, 0),
(1219, 6, 102, 0),
(1220, 5, 102, 1),
(1221, 4, 102, 1),
(1222, 3, 102, 1),
(1223, 2, 102, 1),
(1224, 1, 102, 1),
(1225, 12, 103, 1),
(1226, 11, 103, 1),
(1227, 10, 103, 1),
(1228, 9, 103, 1),
(1229, 8, 103, 1),
(1230, 7, 103, 0),
(1231, 6, 103, 0),
(1232, 5, 103, 1),
(1233, 4, 103, 1),
(1234, 3, 103, 1),
(1235, 2, 103, 1),
(1236, 1, 103, 1),
(1237, 12, 104, 1),
(1238, 11, 104, 1),
(1239, 10, 104, 1),
(1240, 9, 104, 1),
(1241, 8, 104, 1),
(1242, 7, 104, 0),
(1243, 6, 104, 0),
(1244, 5, 104, 1),
(1245, 4, 104, 1),
(1246, 3, 104, 1),
(1247, 2, 104, 1),
(1248, 1, 104, 1),
(1249, 12, 105, 1),
(1250, 11, 105, 1),
(1251, 10, 105, 1),
(1252, 9, 105, 1),
(1253, 8, 105, 1),
(1254, 7, 105, 0),
(1255, 6, 105, 0),
(1256, 5, 105, 1),
(1257, 4, 105, 1),
(1258, 3, 105, 1),
(1259, 2, 105, 1),
(1260, 1, 105, 1),
(1261, 12, 106, 1),
(1262, 11, 106, 1),
(1263, 10, 106, 1),
(1264, 9, 106, 1),
(1265, 8, 106, 1),
(1266, 7, 106, 0),
(1267, 6, 106, 0),
(1268, 5, 106, 1),
(1269, 4, 106, 1),
(1270, 3, 106, 1),
(1271, 2, 106, 1),
(1272, 1, 106, 1),
(1273, 12, 107, 1),
(1274, 11, 107, 1),
(1275, 10, 107, 1),
(1276, 9, 107, 1),
(1277, 8, 107, 1),
(1278, 7, 107, 0),
(1279, 6, 107, 0),
(1280, 5, 107, 1),
(1281, 4, 107, 1),
(1282, 3, 107, 1),
(1283, 2, 107, 1),
(1284, 1, 107, 1),
(1285, 12, 108, 1),
(1286, 11, 108, 1),
(1287, 10, 108, 1),
(1288, 9, 108, 1),
(1289, 8, 108, 1),
(1290, 7, 108, 0),
(1291, 6, 108, 0),
(1292, 5, 108, 1),
(1293, 4, 108, 1),
(1294, 3, 108, 1),
(1295, 2, 108, 1),
(1296, 1, 108, 1),
(1297, 12, 109, 1),
(1298, 11, 109, 0),
(1299, 10, 109, 1),
(1300, 9, 109, 1),
(1301, 8, 109, 1),
(1302, 7, 109, 1),
(1303, 6, 109, 1),
(1304, 5, 109, 0),
(1305, 4, 109, 0),
(1306, 3, 109, 1),
(1307, 2, 109, 1),
(1308, 1, 109, 1),
(1309, 12, 110, 1),
(1310, 11, 110, 0),
(1311, 10, 110, 1),
(1312, 9, 110, 1),
(1313, 8, 110, 1),
(1314, 7, 110, 1),
(1315, 6, 110, 1),
(1316, 5, 110, 0),
(1317, 4, 110, 0),
(1318, 3, 110, 1),
(1319, 2, 110, 1),
(1320, 1, 110, 1),
(1321, 12, 111, 1),
(1322, 11, 111, 0),
(1323, 10, 111, 1),
(1324, 9, 111, 1),
(1325, 8, 111, 1),
(1326, 7, 111, 1),
(1327, 6, 111, 1),
(1328, 5, 111, 0),
(1329, 4, 111, 0),
(1330, 3, 111, 1),
(1331, 2, 111, 1),
(1332, 1, 111, 1),
(1333, 12, 112, 1),
(1334, 11, 112, 0),
(1335, 10, 112, 1),
(1336, 9, 112, 1),
(1337, 8, 112, 1),
(1338, 7, 112, 1),
(1339, 6, 112, 1),
(1340, 5, 112, 0),
(1341, 4, 112, 0),
(1342, 3, 112, 1),
(1343, 2, 112, 1),
(1344, 1, 112, 1),
(1345, 12, 113, 1),
(1346, 11, 113, 0),
(1347, 10, 113, 1),
(1348, 9, 113, 1),
(1349, 8, 113, 1),
(1350, 7, 113, 1),
(1351, 6, 113, 1),
(1352, 5, 113, 0),
(1353, 4, 113, 0),
(1354, 3, 113, 1),
(1355, 2, 113, 1),
(1356, 1, 113, 1),
(1357, 12, 114, 1),
(1358, 11, 114, 0),
(1359, 10, 114, 1),
(1360, 9, 114, 1),
(1361, 8, 114, 1),
(1362, 7, 114, 1),
(1363, 6, 114, 1),
(1364, 5, 114, 0),
(1365, 4, 114, 0),
(1366, 3, 114, 1),
(1367, 2, 114, 1),
(1368, 1, 114, 1),
(1369, 12, 115, 1),
(1370, 11, 115, 0),
(1371, 10, 115, 1),
(1372, 9, 115, 1),
(1373, 8, 115, 1),
(1374, 7, 115, 1),
(1375, 6, 115, 1),
(1376, 5, 115, 0),
(1377, 4, 115, 0),
(1378, 3, 115, 1),
(1379, 2, 115, 1),
(1380, 1, 115, 1),
(1381, 12, 116, 1),
(1382, 11, 116, 0),
(1383, 10, 116, 1),
(1384, 9, 116, 1),
(1385, 8, 116, 1),
(1386, 7, 116, 1),
(1387, 6, 116, 1),
(1388, 5, 116, 0),
(1389, 4, 116, 0),
(1390, 3, 116, 1),
(1391, 2, 116, 1),
(1392, 1, 116, 1),
(1393, 12, 117, 1),
(1394, 11, 117, 0),
(1395, 10, 117, 1),
(1396, 9, 117, 1),
(1397, 8, 117, 1),
(1398, 7, 117, 1),
(1399, 6, 117, 1),
(1400, 5, 117, 0),
(1401, 4, 117, 0),
(1402, 3, 117, 1),
(1403, 2, 117, 1),
(1404, 1, 117, 1),
(1405, 12, 118, 1),
(1406, 11, 118, 0),
(1407, 10, 118, 1),
(1408, 9, 118, 1),
(1409, 8, 118, 1),
(1410, 7, 118, 1),
(1411, 6, 118, 1),
(1412, 5, 118, 0),
(1413, 4, 118, 0),
(1414, 3, 118, 1),
(1415, 2, 118, 1),
(1416, 1, 118, 1),
(1417, 12, 119, 1),
(1418, 11, 119, 0),
(1419, 10, 119, 1),
(1420, 9, 119, 1),
(1421, 8, 119, 1),
(1422, 7, 119, 1),
(1423, 6, 119, 1),
(1424, 5, 119, 0),
(1425, 4, 119, 0),
(1426, 3, 119, 1),
(1427, 2, 119, 1),
(1428, 1, 119, 1),
(1429, 12, 120, 1),
(1430, 11, 120, 0),
(1431, 10, 120, 1),
(1432, 9, 120, 1),
(1433, 8, 120, 1),
(1434, 7, 120, 1),
(1435, 6, 120, 1),
(1436, 5, 120, 0),
(1437, 4, 120, 0),
(1438, 3, 120, 1),
(1439, 2, 120, 1),
(1440, 1, 120, 1),
(1441, 12, 121, 1),
(1442, 11, 121, 1),
(1443, 10, 121, 0),
(1444, 9, 121, 1),
(1445, 8, 121, 0),
(1446, 7, 121, 0),
(1447, 6, 121, 0),
(1448, 5, 121, 1),
(1449, 4, 121, 1),
(1450, 3, 121, 0),
(1451, 2, 121, 1),
(1452, 1, 121, 0),
(1453, 12, 122, 1),
(1454, 11, 122, 1),
(1455, 10, 122, 0),
(1456, 9, 122, 1),
(1457, 8, 122, 0),
(1458, 7, 122, 0),
(1459, 6, 122, 0),
(1460, 5, 122, 1),
(1461, 4, 122, 1),
(1462, 3, 122, 0),
(1463, 2, 122, 1),
(1464, 1, 122, 0),
(1465, 12, 123, 1),
(1466, 11, 123, 1),
(1467, 10, 123, 0),
(1468, 9, 123, 1),
(1469, 8, 123, 0),
(1470, 7, 123, 0),
(1471, 6, 123, 0),
(1472, 5, 123, 1),
(1473, 4, 123, 1),
(1474, 3, 123, 0),
(1475, 2, 123, 1),
(1476, 1, 123, 0),
(1477, 12, 124, 1),
(1478, 11, 124, 1),
(1479, 10, 124, 0),
(1480, 9, 124, 1),
(1481, 8, 124, 0),
(1482, 7, 124, 0),
(1483, 6, 124, 0),
(1484, 5, 124, 1),
(1485, 4, 124, 1),
(1486, 3, 124, 0),
(1487, 2, 124, 1),
(1488, 1, 124, 0),
(1489, 12, 125, 1),
(1490, 11, 125, 1),
(1491, 10, 125, 0),
(1492, 9, 125, 1),
(1493, 8, 125, 0),
(1494, 7, 125, 0),
(1495, 6, 125, 0),
(1496, 5, 125, 1),
(1497, 4, 125, 1),
(1498, 3, 125, 0),
(1499, 2, 125, 1),
(1500, 1, 125, 0),
(1501, 12, 126, 1),
(1502, 11, 126, 1),
(1503, 10, 126, 0),
(1504, 9, 126, 1),
(1505, 8, 126, 0),
(1506, 7, 126, 0),
(1507, 6, 126, 0),
(1508, 5, 126, 1),
(1509, 4, 126, 1),
(1510, 3, 126, 0),
(1511, 2, 126, 1),
(1512, 1, 126, 0),
(1513, 12, 127, 1),
(1514, 11, 127, 1),
(1515, 10, 127, 0),
(1516, 9, 127, 1),
(1517, 8, 127, 0),
(1518, 7, 127, 0),
(1519, 6, 127, 0),
(1520, 5, 127, 1),
(1521, 4, 127, 1),
(1522, 3, 127, 0),
(1523, 2, 127, 1),
(1524, 1, 127, 0),
(1525, 12, 128, 1),
(1526, 11, 128, 1),
(1527, 10, 128, 0),
(1528, 9, 128, 1),
(1529, 8, 128, 0),
(1530, 7, 128, 0),
(1531, 6, 128, 0),
(1532, 5, 128, 1),
(1533, 4, 128, 1),
(1534, 3, 128, 0),
(1535, 2, 128, 1),
(1536, 1, 128, 0),
(1537, 12, 129, 1),
(1538, 11, 129, 1),
(1539, 10, 129, 0),
(1540, 9, 129, 1),
(1541, 8, 129, 0),
(1542, 7, 129, 0),
(1543, 6, 129, 0),
(1544, 5, 129, 1),
(1545, 4, 129, 1),
(1546, 3, 129, 0),
(1547, 2, 129, 1),
(1548, 1, 129, 0),
(1549, 12, 130, 1),
(1550, 11, 130, 1),
(1551, 10, 130, 0),
(1552, 9, 130, 1),
(1553, 8, 130, 0),
(1554, 7, 130, 0),
(1555, 6, 130, 0),
(1556, 5, 130, 1),
(1557, 4, 130, 1),
(1558, 3, 130, 0),
(1559, 2, 130, 1),
(1560, 1, 130, 0),
(1561, 12, 131, 1),
(1562, 11, 131, 1),
(1563, 10, 131, 0),
(1564, 9, 131, 1),
(1565, 8, 131, 0),
(1566, 7, 131, 0),
(1567, 6, 131, 0),
(1568, 5, 131, 1),
(1569, 4, 131, 1),
(1570, 3, 131, 0),
(1571, 2, 131, 1),
(1572, 1, 131, 0),
(1573, 12, 132, 1),
(1574, 11, 132, 1),
(1575, 10, 132, 0),
(1576, 9, 132, 1),
(1577, 8, 132, 0),
(1578, 7, 132, 0),
(1579, 6, 132, 0),
(1580, 5, 132, 1),
(1581, 4, 132, 1),
(1582, 3, 132, 0),
(1583, 2, 132, 1),
(1584, 1, 132, 0),
(1585, 12, 133, 1),
(1586, 11, 133, 1),
(1587, 10, 133, 0),
(1588, 9, 133, 0),
(1589, 8, 133, 1),
(1590, 7, 133, 1),
(1591, 6, 133, 1),
(1592, 5, 133, 1),
(1593, 4, 133, 1),
(1594, 3, 133, 1),
(1595, 2, 133, 1),
(1596, 1, 133, 1),
(1597, 12, 134, 1),
(1598, 11, 134, 1),
(1599, 10, 134, 0),
(1600, 9, 134, 0),
(1601, 8, 134, 1),
(1602, 7, 134, 1),
(1603, 6, 134, 1),
(1604, 5, 134, 1),
(1605, 4, 134, 1),
(1606, 3, 134, 1),
(1607, 2, 134, 1),
(1608, 1, 134, 1),
(1609, 12, 135, 1),
(1610, 11, 135, 1),
(1611, 10, 135, 0),
(1612, 9, 135, 0),
(1613, 8, 135, 1),
(1614, 7, 135, 1),
(1615, 6, 135, 1),
(1616, 5, 135, 1),
(1617, 4, 135, 1),
(1618, 3, 135, 1),
(1619, 2, 135, 1),
(1620, 1, 135, 1),
(1621, 12, 136, 1),
(1622, 11, 136, 1),
(1623, 10, 136, 0),
(1624, 9, 136, 0),
(1625, 8, 136, 1),
(1626, 7, 136, 1),
(1627, 6, 136, 1),
(1628, 5, 136, 1),
(1629, 4, 136, 1),
(1630, 3, 136, 1),
(1631, 2, 136, 1),
(1632, 1, 136, 1),
(1633, 12, 137, 1),
(1634, 11, 137, 1),
(1635, 10, 137, 0),
(1636, 9, 137, 0),
(1637, 8, 137, 1),
(1638, 7, 137, 1),
(1639, 6, 137, 1),
(1640, 5, 137, 1),
(1641, 4, 137, 1),
(1642, 3, 137, 1),
(1643, 2, 137, 1),
(1644, 1, 137, 1),
(1645, 12, 138, 1),
(1646, 11, 138, 1),
(1647, 10, 138, 0),
(1648, 9, 138, 0),
(1649, 8, 138, 1),
(1650, 7, 138, 1),
(1651, 6, 138, 1),
(1652, 5, 138, 1),
(1653, 4, 138, 1),
(1654, 3, 138, 1),
(1655, 2, 138, 1),
(1656, 1, 138, 1),
(1657, 12, 139, 1),
(1658, 11, 139, 1),
(1659, 10, 139, 0),
(1660, 9, 139, 0),
(1661, 8, 139, 1),
(1662, 7, 139, 1),
(1663, 6, 139, 1),
(1664, 5, 139, 1),
(1665, 4, 139, 1),
(1666, 3, 139, 1),
(1667, 2, 139, 1),
(1668, 1, 139, 1),
(1669, 12, 140, 1),
(1670, 11, 140, 1),
(1671, 10, 140, 0),
(1672, 9, 140, 0),
(1673, 8, 140, 1),
(1674, 7, 140, 1),
(1675, 6, 140, 1),
(1676, 5, 140, 1),
(1677, 4, 140, 1),
(1678, 3, 140, 1),
(1679, 2, 140, 1),
(1680, 1, 140, 1),
(1681, 12, 141, 1),
(1682, 11, 141, 1),
(1683, 10, 141, 0),
(1684, 9, 141, 0),
(1685, 8, 141, 1),
(1686, 7, 141, 1),
(1687, 6, 141, 1),
(1688, 5, 141, 1),
(1689, 4, 141, 1),
(1690, 3, 141, 1),
(1691, 2, 141, 1),
(1692, 1, 141, 1),
(1693, 12, 142, 1),
(1694, 11, 142, 1),
(1695, 10, 142, 0),
(1696, 9, 142, 0),
(1697, 8, 142, 1),
(1698, 7, 142, 1),
(1699, 6, 142, 1),
(1700, 5, 142, 1),
(1701, 4, 142, 1),
(1702, 3, 142, 1),
(1703, 2, 142, 1),
(1704, 1, 142, 1),
(1705, 12, 143, 1),
(1706, 11, 143, 1),
(1707, 10, 143, 0),
(1708, 9, 143, 0),
(1709, 8, 143, 1),
(1710, 7, 143, 1),
(1711, 6, 143, 1),
(1712, 5, 143, 1),
(1713, 4, 143, 1),
(1714, 3, 143, 1),
(1715, 2, 143, 1),
(1716, 1, 143, 1),
(1717, 12, 144, 1),
(1718, 11, 144, 1),
(1719, 10, 144, 0),
(1720, 9, 144, 0),
(1721, 8, 144, 1),
(1722, 7, 144, 1),
(1723, 6, 144, 1),
(1724, 5, 144, 1),
(1725, 4, 144, 1),
(1726, 3, 144, 1),
(1727, 2, 144, 1),
(1728, 1, 144, 1);

-- --------------------------------------------------------

--
-- Structure de la table `paiements`
--

DROP TABLE IF EXISTS `paiements`;
CREATE TABLE IF NOT EXISTS `paiements` (
  `id_paiement` int NOT NULL AUTO_INCREMENT,
  `id_client` int DEFAULT NULL,
  `montant` decimal(10,2) DEFAULT NULL,
  `date_paiement` timestamp NULL DEFAULT CURRENT_TIMESTAMP,
  `nom` varchar(100) NOT NULL,
  PRIMARY KEY (`id_paiement`),
  KEY `id_client` (`id_client`)
) ENGINE=MyISAM AUTO_INCREMENT=5 DEFAULT CHARSET=utf8mb4 COLLATE=utf8mb4_0900_ai_ci;

--
-- Déchargement des données de la table `paiements`
--

INSERT INTO `paiements` (`id_paiement`, `id_client`, `montant`, `date_paiement`, `nom`) VALUES
(4, 16, '30.00', '2024-06-02 11:08:34', 'abonnement');

-- --------------------------------------------------------

--
-- Structure de la table `rendezvous`
--

DROP TABLE IF EXISTS `rendezvous`;
CREATE TABLE IF NOT EXISTS `rendezvous` (
  `id_rdv` int NOT NULL AUTO_INCREMENT,
  `id_client` int DEFAULT NULL,
  `id_coach` int DEFAULT NULL,
  `id_creneau` int DEFAULT NULL,
  `cree_a` timestamp NULL DEFAULT CURRENT_TIMESTAMP,
  PRIMARY KEY (`id_rdv`),
  KEY `id_client` (`id_client`),
  KEY `id_coach` (`id_coach`),
  KEY `id_creneau` (`id_creneau`)
) ENGINE=MyISAM AUTO_INCREMENT=7 DEFAULT CHARSET=utf8mb4 COLLATE=utf8mb4_0900_ai_ci;

--
-- Déchargement des données de la table `rendezvous`
--

INSERT INTO `rendezvous` (`id_rdv`, `id_client`, `id_coach`, `id_creneau`, `cree_a`) VALUES
(1, 16, 1, 1, '2024-06-01 14:34:52'),
(6, 14, 2, 71, '2024-06-01 12:54:43');

-- --------------------------------------------------------

--
-- Structure de la table `services`
--

DROP TABLE IF EXISTS `services`;
CREATE TABLE IF NOT EXISTS `services` (
  `id_service` int NOT NULL AUTO_INCREMENT,
  `categorie` enum('Activité','Sport compétitif','Salle de sport') DEFAULT NULL,
  `nom` varchar(100) DEFAULT NULL,
  `description` text,
  PRIMARY KEY (`id_service`)
) ENGINE=MyISAM DEFAULT CHARSET=utf8mb4 COLLATE=utf8mb4_0900_ai_ci;

-- --------------------------------------------------------

--
-- Structure de la table `utilisateurs`
--

DROP TABLE IF EXISTS `utilisateurs`;
CREATE TABLE IF NOT EXISTS `utilisateurs` (
  `id_utilisateur` int NOT NULL AUTO_INCREMENT,
  `prenom` varchar(100) DEFAULT NULL,
  `nom` varchar(100) DEFAULT NULL,
  `email` varchar(100) DEFAULT NULL,
  `mot_de_passe` varchar(255) DEFAULT NULL,
  `adresse_ligne1` varchar(255) DEFAULT NULL,
  `adresse_ligne2` varchar(255) DEFAULT NULL,
  `ville` varchar(100) DEFAULT NULL,
  `code_postal` varchar(20) DEFAULT NULL,
  `pays` varchar(100) DEFAULT NULL,
  `telephone` varchar(20) DEFAULT NULL,
  `carte_etudiant` varchar(9) DEFAULT NULL,
  `role_utilisateur` enum('admin','coach','client') DEFAULT NULL,
  `cree_a` timestamp NULL DEFAULT CURRENT_TIMESTAMP,
  `numero_carte` varchar(16) DEFAULT NULL,
  `nom_proprietaire` varchar(100) DEFAULT NULL,
  `date_expiration` varchar(5) DEFAULT NULL,
  `cvv` varchar(4) DEFAULT NULL,
  `type_carte` enum('Visa','MasterCard','American Express','PayPal') DEFAULT NULL,
  PRIMARY KEY (`id_utilisateur`),
  UNIQUE KEY `email` (`email`)
) ENGINE=MyISAM AUTO_INCREMENT=19 DEFAULT CHARSET=utf8mb4 COLLATE=utf8mb4_0900_ai_ci;

--
-- Déchargement des données de la table `utilisateurs`
--

INSERT INTO `utilisateurs` (`id_utilisateur`, `prenom`, `nom`, `email`, `mot_de_passe`, `adresse_ligne1`, `adresse_ligne2`, `ville`, `code_postal`, `pays`, `telephone`, `carte_etudiant`, `role_utilisateur`, `cree_a`, `numero_carte`, `nom_proprietaire`, `date_expiration`, `cvv`, `type_carte`) VALUES
(1, 'Guy', 'Fit', 'guy.fit@edu.ece.fr', 'password1', '123 Fitness St.', 'Apt 1', 'Paris', '75001', 'France', '07 46 91 73 22', '123456789', 'coach', '2024-05-30 11:45:05', '1234567890123456', 'Guy Fit', '12/25', '123', 'Visa'),
(2, 'Maxine', 'Detente', 'maxine.detente@edu.ece.fr', 'password2', '456 Cardio Blvd.', 'Suite 2', 'Lyon', '69001', 'France', '07 46 91 73 23', '987654321', 'coach', '2024-05-30 11:45:05', '2345678901234567', 'Maxine Detente', '11/24', '456', 'MasterCard'),
(3, 'Sylvain', 'Saroule', 'sylvain.saroule@edu.ece.fr', 'password3', '789 Biking Way', '', 'Marseille', '13001', 'France', '07 46 91 73 24', '192837465', 'coach', '2024-05-30 11:45:05', '3456789012345678', 'Sylvain Saroule', '10/23', '789', 'American Express'),
(4, 'Angela', 'Baha', 'angela.baha@edu.ece.fr', 'password4', '321 Collective Rd.', 'Floor 4', 'Toulouse', '31000', 'France', '07 46 91 73 25', '564738291', 'coach', '2024-05-30 11:45:05', '4567890123456789', 'Angela Baha', '09/22', '012', 'PayPal'),
(5, 'Ilies', 'Matrixé', 'ilies.matrixe@edu.ece.fr', 'password5', '654 Muscle Ave.', 'Apt 5', 'Nice', '06000', 'France', '07 46 91 73 26', '918273645', 'coach', '2024-05-30 11:45:05', '5678901234567890', 'Ilies Matrixé', '08/21', '345', 'Visa'),
(6, 'Kim', 'Possible', 'kim.possible@edu.ece.fr', 'password6', '987 Basket St.', '', 'Bordeaux', '33000', 'France', '07 46 91 73 27', '837465192', 'coach', '2024-05-30 11:45:05', '6789012345678901', 'Kim Possible', '07/20', '678', 'MasterCard'),
(7, 'Zizou', 'Legrand', 'zizou.legrand@edu.ece.fr', 'password7', '159 Football Dr.', '', 'Lille', '59000', 'France', '07 46 91 73 28', '647382910', 'coach', '2024-05-30 11:45:05', '7890123456789012', 'Zizou Legrand', '06/19', '901', 'American Express'),
(8, 'Come', 'Unfrigo', 'come.unfrigo@edu.ece.fr', 'password8', '753 Rugby Cir.', '', 'Strasbourg', '67000', 'France', '07 46 91 73 29', '564738291', 'coach', '2024-05-30 11:45:05', '8901234567890123', 'Come Unfrigo', '05/18', '234', 'PayPal'),
(9, 'Nina', 'Iguess', 'nina.iguess@edu.ece.fr', 'password9', '951 Tennis Ln.', '', 'Montpellier', '34000', 'France', '07 46 91 73 30', '182736495', 'coach', '2024-05-30 11:45:05', '9012345678901234', 'Nina Iguess', '04/17', '567', 'Visa'),
(10, 'Ariel', 'Laptitesirene', 'ariel.laptitesirene@edu.ece.fr', 'password10', '357 Swim Dr.', '', 'Rennes', '35000', 'France', '07 46 91 73 31', '293847561', 'coach', '2024-05-30 11:45:05', '0123456789012345', 'Ariel Laptitesirene', '03/16', '890', 'MasterCard'),
(11, 'Nicolas', 'Latetenba', 'nicolas.latetenba@edu.ece.fr', 'password11', '468 Dive Blvd.', '', 'Reims', '51100', 'France', '07 46 91 73 32', '748392615', 'coach', '2024-05-30 11:45:05', '1234567890123456', 'Nicolas Latetenba', '02/15', '123', 'American Express'),
(12, 'Lola', 'Legall', 'lola.legall@edu.ece.fr', 'martin', '1 Admin St.', 'Apt 101', 'Paris', '75001', 'France', '06 12 34 56 78', '123456780', 'admin', '2024-05-30 15:06:16', '1111222233334444', 'Lola Legall', '12/26', '123', 'Visa'),
(13, 'Pacôme', 'Golvet', 'pacome.golvet@edu.ece.fr', 'Rohr', '2 Admin Blvd.', '', 'Epalles', '03251', 'France', '06 87 65 43 21', '123456781', 'admin', '2024-05-30 15:06:16', '5555666677778888', 'Pacôme Golvet', '11/25', '456', 'MasterCard'),
(14, 'Amandine', 'Soyez', 'amandine.soyez@edu.ece.fr', 'Rohr', '3 Admin Ave.', 'Suite 300', 'Fayot', '03250', 'France', '06 98 76 54 32', '123456782', 'admin', '2024-05-30 15:06:16', '9999000011112222', 'Amandine Soyez', '10/24', '789', 'American Express'),
(16, 'Amandine', 'Soyez', 'amandine27478@gmail.com', 'Moulin', '25 Bis rue de l\'Armorique', 'Appartement 4', 'PARIS 15', '75015', 'France', '0631779407', '123456789', 'client', '2024-05-30 16:11:50', '1234567890123456', 'Amandine Soyez', '12/14', '123', 'American Express'),
(18, 'Nathalie', 'Céleri', 'nat.celeri@edu.ece.fr', 'password', '12 rue Charles ', NULL, 'Mayet', '03250', 'France', '0130331616', '098987675', 'coach', '2024-06-02 13:54:31', NULL, NULL, NULL, NULL, NULL);
COMMIT;

/*!40101 SET CHARACTER_SET_CLIENT=@OLD_CHARACTER_SET_CLIENT */;
/*!40101 SET CHARACTER_SET_RESULTS=@OLD_CHARACTER_SET_RESULTS */;
/*!40101 SET COLLATION_CONNECTION=@OLD_COLLATION_CONNECTION */;
